hour,day_of_week,month,avg_distance
21,5,6,4.969661469770176
13,5,7,9.000099243000475
15,1,7,3.592203482342654
22,7,5,2.8506879010082486
18,5,5,8.417920433996363
13,2,2,2.4643275235343443
13,5,2,2.512400571078923
6,7,2,5.760292524377041
3,1,10,2.979672115833724
14,6,11,3.196055128445522
20,4,9,2.7850988966288757
19,4,7,13.301400278454562
20,6,8,3.0964697327758577
16,5,5,2.840275017884116
17,4,4,6.2126017699115295
3,2,3,4.701233671988386
1,5,3,4.320742471443398
5,4,2,5.417929606625258
22,5,2,3.2558326187617865
9,2,10,9.964209797951847
10,3,10,9.380139539283856
20,3,12,11.67010871721624
4,1,9,9.07136542944233
5,2,9,4.455396530359361
20,3,5,6.7288483802952035
13,5,4,4.382557921739487
3,1,4,3.3658303590174237
19,2,2,2.7823122406639085
3,3,1,4.640521472392638
13,6,10,10.05247163641218
13,1,11,3.5643632601728346
22,1,11,4.048111142775739
5,3,12,6.352396931927142
11,6,6,14.062401040488599
1,2,6,12.695047977650932
7,2,6,6.198319966230481
21,5,7,4.99743332708762
6,6,5,64.93811894882434
22,3,4,2.9393936705116803
9,2,2,2.586038449076571
4,3,2,4.721317365269461
13,7,2,6.260145509977824
0,1,1,3.966312953853362
9,7,10,38.672375704766765
0,1,12,3.2592810491395547
19,5,9,3.2199585376102937
7,3,8,45.641260132645584
10,4,4,23.210599456723042
13,5,1,2.5490189579742775
6,3,3,82.98392265193363
12,4,3,2.5452132175590854
23,7,1,3.8160416666666674
11,2,11,6.631146431718066
14,1,11,16.521457680250787
8,4,9,14.953877684508884
4,6,9,3.97429415937574
7,3,9,6.049990925589836
17,3,9,3.2789395172226663
2,2,6,5.742239622641525
6,3,8,50.41066115702475
13,2,4,2.8120017725258375
22,7,3,3.1276304367083076
4,3,10,4.940911078717203
10,3,11,21.507255661700867
21,7,11,2.9840760098559085
5,6,12,5.317280988731375
2,1,7,3.6037025840351276
5,2,8,5.189964189794091
12,6,5,6.438178615367396
9,2,1,10.805924333619952
1,5,10,3.7123815476934316
12,1,11,10.010430107526886
14,6,9,5.761729624033408
17,7,6,3.016371926723447
10,5,7,3.0423257281991045
17,7,7,4.519801860974273
16,1,8,24.640860029243676
5,4,8,4.845048076923074
11,3,5,9.408253694439654
2,4,5,13.573296654929585
19,4,5,2.869053536537699
19,2,3,2.772818039369301
20,6,3,2.7286616837533337
8,1,3,4.4353260393873075
7,7,1,4.307124243834334
12,2,1,2.576499624154351
1,5,1,4.186894308943086
1,6,12,3.7628822055137796
5,2,12,6.705863259668512
22,2,2,31.829380613192942
19,1,7,3.644743979786515
8,3,7,31.55730332167832
3,1,8,3.396128691286272
3,3,8,5.054725560246836
16,6,5,2.9974671640014416
4,4,3,5.0518067226890775
0,2,2,4.633045780130799
17,3,1,2.7255246913580167
3,3,10,5.1443121238177065
13,4,11,4.917496966235985
6,3,9,112.8953159041394
7,1,6,6.296082820369333
10,4,7,9.606870507636994
6,5,8,64.23195996663884
14,1,3,2.743249830737989
15,2,2,2.606827149468218
20,3,1,2.9452755156002066
5,7,10,3.162335117403304
23,5,12,3.6544080956761733
17,2,6,3.0766413191076594
11,2,3,9.411839485458598
9,3,3,2.528403509805086
12,6,3,6.0139426372437015
8,1,2,3.9119382141345693
9,4,11,7.280216100146225
8,1,11,42.92214355628059
20,5,9,3.0489590039639305
8,3,6,18.59817165482703
20,5,6,2.8164119567435217
0,5,7,3.534612369754332
20,4,7,2.834171326397932
3,2,8,5.875834938985236
10,2,5,44.02120943290287
20,4,4,2.6904102256669176
4,1,2,3.4496097560975607
3,6,1,3.627797123391372
7,6,11,53.82611735330844
8,5,5,26.134812499999978
10,1,10,4.231868590616208
19,4,12,3.373924943785386
0,7,12,3.4004864038541904
8,7,8,44.34836262203621
7,2,3,14.652633903920488
8,6,3,11.206715457972951
6,7,3,6.6861044613710625
1,7,10,3.263577875872989
0,6,11,9.150857263291018
20,7,6,2.9841807783719556
11,2,7,3.3769087739686054
1,3,2,5.368571428571437
12,3,5,6.3435552284374666
12,5,1,2.620073249753482
3,4,3,4.9068920863309335
19,4,3,2.5770983287990696
23,2,2,4.782685288640591
17,6,1,2.7165633308819306
18,2,11,4.0080837367260935
23,4,6,3.1554576899320588
0,5,6,3.480228513770175
8,6,6,57.69689697340261
21,6,7,6.869660942056742
6,1,8,4.417591326430943
7,2,8,75.79138208654814
7,7,5,101.98719865319845
0,2,5,4.422713417484804
19,3,5,8.721082377720554
15,4,5,8.05109915184914
4,2,3,5.302305986696228
7,3,3,3.7364038277511917
18,1,3,3.086940564866529
0,1,2,3.440212931302454
18,6,1,2.8279430289962195
19,3,1,2.6568718900854122
22,7,12,3.060656355344032
9,6,6,3.673061513915983
10,1,6,8.451591380686356
22,5,7,3.114797706275894
17,3,7,3.8581290576431164
16,4,4,9.389823318644222
22,4,4,2.8792492291191767
15,4,3,2.4694692636883397
17,6,3,2.7632128373303884
7,7,3,4.502528846153845
8,6,10,42.06121563957527
16,7,1,5.690143065693425
10,7,6,3.514096095334686
6,4,8,6.238618481244272
6,7,4,4.707323943661973
2,3,3,5.220634774609012
9,1,3,3.7805452893062648
15,7,12,3.273056974459724
20,6,6,2.852664311474189
16,1,7,3.7059448717287053
3,4,7,4.849669242658424
23,3,5,3.290518468770993
1,3,4,4.821918579471635
7,5,3,3.7175092502434346
9,6,3,4.848113562386986
0,1,3,3.864167763776569
10,1,3,3.32220880405142
8,3,2,2.8089524907158316
5,5,2,4.354649532710281
7,3,6,91.32517322834643
20,2,8,4.6909733506662254
10,7,8,14.24635477843035
9,7,5,11.7998779134295
23,1,5,7.071973114604686
17,2,5,13.479257690116768
1,4,5,3.96898231685314
21,2,3,3.0634536036438322
0,4,3,4.010187246963572
23,4,3,3.348712584844767
16,4,12,3.433282712823864
5,5,9,5.016183661299936
13,7,9,10.393912188406516
13,6,1,2.5790139529089298
1,2,8,5.505453583148104
23,4,8,3.260148587656572
4,7,5,3.379499894045351
7,7,12,6.839963369963381
12,5,6,9.075986631654322
20,6,7,2.9180937508872526
5,3,8,155.4514028436019
15,5,4,8.064696288779366
7,3,4,5.330012870012866
10,4,3,12.295548537763398
6,4,1,92.2626808176101
3,6,10,3.5430648386175307
16,1,10,7.362361711888849
4,1,10,3.044235861825455
18,4,10,24.840272745986002
9,6,11,12.77477621621622
20,3,9,2.7519532288068067
1,3,6,4.645911974236366
13,5,6,11.869848457513973
1,6,8,3.9514361560923765
3,7,8,3.6664602398232815
1,7,3,3.554823898211321
3,7,10,8.015337777569133
11,1,11,19.74959987704288
10,6,12,5.013596412556046
9,5,6,3.635404548267342
14,6,6,5.5625727711787
1,7,7,3.540686251795541
21,7,3,2.803518827816574
8,5,2,2.8044578054541462
21,1,2,3.5849731136166443
14,4,1,2.4465944709759766
21,4,10,2.8135380154228673
15,2,11,3.65642741755793
0,7,1,3.8577074626865633
4,3,6,5.695961376994122
21,1,8,3.7801100220043944
20,2,4,2.8547692146487176
5,7,3,4.129291338582682
16,6,2,2.613039542374774
17,7,10,5.990849282980042
6,6,9,98.85944210526316
13,1,7,6.791990080173931
5,7,5,3.5283198924731125
20,1,5,5.964522700541044
1,3,5,4.511610407876226
7,4,3,15.596071628427557
11,6,3,2.5734963639873687
20,1,3,3.3881181619255982
14,3,2,2.5361207216571318
20,2,11,3.195654318155747
12,4,11,4.869779255319158
17,2,12,5.772932472423976
7,5,9,10.407177792465301
17,7,9,4.007083977729644
2,2,9,5.193641225787814
18,7,6,4.450723681564025
15,6,3,2.6432193746048616
18,4,1,2.636844775544282
6,7,10,3.8821584255042345
3,5,1,3.834441416893732
6,4,11,38.74012903225809
18,4,12,3.132211961888467
8,4,6,14.94347002788102
16,7,6,3.0774281261534644
23,5,7,4.433555303261854
11,6,5,2.873222008798569
1,2,4,5.170721381267724
2,2,2,5.008676258992804
15,5,11,8.6009532081207
3,5,7,21.804877334309758
5,4,7,125.65409803921564
20,6,4,4.459569138617574
9,6,4,20.16343443810173
6,3,4,6.775285412262161
18,7,3,2.7659715118517423
15,1,3,2.8454886647964197
19,1,1,3.5316229508196764
16,5,7,3.0621210106383296
9,1,7,23.299762942779292
13,4,5,8.522736578922546
11,5,4,4.987696050642466
9,7,1,8.650094247005697
0,2,11,5.206975787308125
8,2,11,13.864146467736598
13,6,11,3.4276678815136696
9,1,6,33.461499077490785
12,5,7,15.954029769538685
19,2,7,3.1852459434202793
20,2,7,8.552922268394015
2,3,7,25.919204192546584
9,4,7,3.629308384651818
18,4,7,4.409493723690693
1,4,11,3.715497985031669
18,6,11,7.941985786865315
13,5,11,3.1903208172060147
6,5,9,6.327808383233537
22,7,6,3.0193874928612345
11,3,7,8.285829922447252
13,5,5,16.88391762983898
18,5,4,4.42302874554866
5,6,3,4.447077747989278
16,3,1,2.6898208244580943
20,5,1,6.281528730512232
9,5,7,14.581294496298675
5,2,5,5.154922600619196
2,7,4,3.5538005427408277
3,4,4,4.904460641399415
16,2,2,2.664949827406274
13,1,1,2.6300636780438165
14,5,11,9.18626046330543
5,6,11,76.51554777388695
21,2,4,6.20882951308829
18,2,3,4.762593084475627
18,5,2,2.7045560034200484
8,6,1,10.070532757379402
16,1,1,3.057994183933114
4,2,1,4.304271844660196
15,4,12,3.3022848940302176
17,7,1,2.752283991558624
3,3,9,4.586417788657695
1,5,6,3.796793435379523
16,6,6,11.60614452617912
9,3,7,35.40752943100062
10,6,8,3.4735405136937714
17,6,5,10.734197326983658
20,6,5,3.586937618825541
3,6,5,4.2014723127035865
12,5,12,3.0206522449512985
20,1,9,3.5428255101106947
18,5,6,3.1477269067065463
13,6,6,3.9638900098540586
5,2,6,5.049175946547887
11,1,8,7.23196610169491
12,5,4,7.915185218405235
22,2,4,3.2413038754074615
22,5,3,3.06927739688759
6,6,10,125.68019216277338
17,6,10,3.2451124397404043
4,7,12,3.1737030690138717
10,2,12,3.264822361822304
6,5,6,315.96609890109914
6,6,6,109.692514101531
20,5,7,6.350800323362954
17,5,7,3.1628190045248883
0,5,5,3.4141953102242737
18,7,4,6.868953412892623
6,7,1,5.711501632208929
18,3,1,2.7666317721433002
20,4,10,2.7088971563707682
10,3,12,2.9969852255436185
5,5,8,4.386135265700483
22,6,4,9.148698357987417
21,4,2,3.1796565389696205
8,4,10,55.79150877192979
21,7,1,3.383668673987476
17,6,12,3.2796507181355508
23,6,12,11.543220021314905
1,6,1,4.107497053045194
0,6,7,3.5874731744373625
8,1,8,7.1867970156933385
20,7,8,3.5574022633744957
23,4,1,3.509943760042851
9,4,9,8.378943477096154
5,6,9,4.542758472758472
13,2,7,11.362837094111176
12,1,8,6.6579727853374076
12,4,8,5.62414334538612
7,1,5,83.56047337278105
3,6,4,4.0344184720638605
5,6,1,4.215694227769113
14,1,10,3.3446580173417666
23,5,6,3.2045012201073684
16,6,8,3.6643434467510225
4,4,5,4.550579470198674
13,1,4,2.84091421415153
18,2,4,2.9129852977821904
19,5,2,2.619070140775501
6,3,12,110.6741526418787
6,7,12,55.54979410388397
16,1,9,4.383282267330526
12,4,6,10.234078063953252
7,4,6,18.214747360482665
21,2,6,2.93207268388934
3,7,7,3.428011716544311
21,5,5,8.938551125148063
3,3,3,5.607315950920245
11,4,2,2.5385173697270527
13,1,10,11.583485519343837
6,4,12,79.23439232409383
12,3,9,2.8034666338340326
4,6,6,3.7586137474834764
3,1,7,3.578493818247455
23,1,7,4.10031802387071
14,2,5,2.8086890349360027
22,5,4,3.018450298870922
21,1,4,3.6003032674623316
9,4,10,11.421816659931881
20,5,12,3.202695397018298
2,5,7,4.40862967593038
13,7,7,7.852968171063767
2,6,2,4.621428571428573
3,1,1,3.8094538943598892
19,2,10,2.9763458713402553
21,2,10,3.1119873458793124
23,5,10,3.3051711281783382
22,6,11,3.0628664916336854
5,5,1,4.540078328981724
16,3,9,3.114730102123503
17,4,6,12.979748936672973
3,6,6,16.804112837285373
15,7,7,3.1673159881873687
11,4,8,11.45789586229018
21,4,5,2.7039809286542638
6,5,3,27.677819253438116
9,6,10,7.079184046277961
16,6,10,11.39307696494664
23,4,10,3.2948376636216166
3,4,9,3.829560522350585
14,3,7,5.895734974341159
1,3,8,4.728173863957111
8,4,8,42.3637998817617
16,4,8,5.764113406830628
17,4,5,5.93746693912173
4,3,4,5.521721311475416
6,4,4,228.14874551971323
18,2,1,2.97590979667283
16,4,1,2.614922301553958
8,1,10,72.25471919191925
7,6,12,52.91037066454859
20,7,9,2.9928787287624674
7,1,9,6.225383031301482
21,1,6,3.8470369310048826
15,2,7,10.05588501105663
23,3,10,16.98781989878911
4,3,11,4.7383096085409235
2,1,12,9.995967074978541
3,1,9,3.1656886993603313
18,3,9,11.458858943623884
22,5,6,7.044057837961902
9,3,8,10.049222905251892
8,6,8,65.49121418394807
4,1,4,3.5770194647201983
17,2,4,20.781668794628043
11,2,2,22.091863806747174
11,7,2,7.978466580593889
15,1,1,9.104547568864028
17,1,10,3.711864086050089
5,7,11,3.92277289836888
6,1,11,14.226899696048626
21,3,9,2.989356296096086
14,3,6,2.6517806425621964
1,5,7,3.877658271358046
5,6,4,5.1153903345724885
18,2,2,2.819039537657091
18,5,10,7.350837568543524
20,3,11,2.986714652556219
15,6,6,3.8408397212543677
13,7,8,13.067398286330372
16,4,5,5.429793524879499
21,7,4,2.7705373779946587
13,5,3,2.4837364554151855
14,1,1,2.7430090427190605
20,4,1,2.800910231660223
4,7,10,2.9470230105465
9,3,11,5.705011476393942
20,4,11,2.9888906309996064
21,1,5,6.5095363313747105
0,7,3,3.248880632113636
4,3,1,4.620675105485233
21,3,10,2.761650242934389
22,3,10,3.064199615481063
10,1,12,9.842680711396058
22,3,12,3.3793615173012976
22,3,9,3.225836949075139
21,4,6,2.8042063901447323
18,6,6,6.4224313099041686
0,1,8,15.406450579885767
4,5,5,5.035633802816899
6,6,4,5.2063741721854315
0,4,4,3.358290144656062
17,7,3,2.7136364632409364
11,7,10,15.31868067003455
18,1,10,4.390971973762671
22,4,9,3.1776281377911513
15,3,9,11.395010969924128
16,2,6,5.757638288591918
4,4,8,3.8422141255605413
4,5,8,3.9927484834344322
9,5,8,9.287513821410645
11,2,5,14.535300831024918
14,6,5,6.8969977322164215
19,2,4,2.8418821507488397
16,3,3,2.63681763857408
11,4,3,2.5531684226599545
15,6,2,4.4994066268454915
11,6,1,2.643280017214182
12,7,10,3.883021257533781
19,4,10,2.87033255074441
8,5,1,10.115064388012994
16,4,11,4.285134525586844
22,5,11,3.2726408937346223
3,7,11,2.9021514039565934
9,7,11,34.34258904634237
2,3,12,4.451680733944955
0,2,1,5.725439783491216
17,6,9,8.346851268897419
23,3,9,3.2536754446300566
1,6,6,3.7976155013101764
9,6,8,21.26390075070685
18,6,2,2.7025375433192282
1,1,1,3.993484069886944
5,4,12,17.07908619572262
17,6,11,3.2197670232636963
8,6,9,5.322673143650241
20,4,6,2.7278830444042943
10,3,8,23.961178969977144
0,3,5,3.8903750829829504
13,1,3,2.653331779331785
8,7,2,3.4106870229007606
19,1,2,4.291470559323703
10,7,10,6.998620829284084
16,1,5,3.224501694074854
18,1,5,5.710675209250132
17,3,5,2.8114645117630697
19,1,4,3.367457687894415
23,2,3,4.162341581170782
16,7,3,2.764737739168686
23,7,3,3.130374784110531
9,6,1,2.5024046196734346
12,3,11,4.849489359042468
6,2,12,6.18304183813443
14,2,12,5.7668726743245635
5,3,7,6.100342639593913
1,4,8,7.815998540944736
14,2,2,2.4911823323458115
9,6,2,4.923304850067251
10,2,1,2.5880942417902264
0,3,10,4.130869503746627
15,4,10,4.9093670649039245
6,4,10,5.4386526946107825
13,2,11,7.657608118361161
3,7,12,3.0560124515207177
15,1,12,3.879561231172202
10,4,6,8.363381758789647
11,5,7,2.93668208189692
16,2,7,3.3195434575841327
8,4,7,40.92435802285884
7,4,8,49.62027917620134
6,7,5,43.04499180327873
7,6,1,18.329750841750844
11,4,1,2.5881549588366597
23,1,10,4.201053458322793
12,5,10,2.8583974439293494
10,7,9,21.78643485304328
5,1,6,3.384081218274113
0,3,7,7.928030881884739
22,1,5,5.8127907786599895
4,6,4,4.683797195253508
16,6,3,5.5096867275147385
14,4,10,2.844848589389757
5,2,11,208.26902796882163
1,3,11,4.558834379403115
13,7,11,8.373194488161458
14,4,12,5.525662542317019
1,2,7,4.7908025106478425
23,3,4,3.3357650182542327
13,4,4,18.11465451259701
0,2,10,4.708177329009421
19,3,10,2.7649545379401457
23,2,11,4.20624593450659
0,1,11,3.2416731686172646
9,5,12,31.59642218478679
19,3,12,2.9616345765450554
14,2,6,2.845647761462137
19,5,7,7.245718166288596
7,2,7,9.758368146214105
16,7,8,3.403559571619812
15,5,5,11.755060612643922
10,6,2,2.4535559483553704
21,6,2,2.9002431235191097
5,3,1,79.61955882352943
15,7,11,11.602204700883052
6,2,9,5.72857419354839
22,7,7,8.387729747038103
8,1,7,114.58255830388693
15,7,8,3.194156738912021
23,7,8,9.624687300913163
12,1,3,2.7927062999112735
22,6,2,3.134534914712167
0,7,10,3.2131973454845597
4,5,10,44.684473481936976
14,2,11,11.073116526143483
20,5,11,8.23394962793358
14,1,9,3.5252719195469493
11,4,7,3.2445623491965567
3,3,4,6.053899521531104
19,3,4,2.8295653150118936
6,4,3,5.330701970443347
3,4,1,4.864264264264262
7,5,10,123.2367307692307
4,7,11,3.231708635161547
18,1,12,3.921927483372665
17,4,9,5.1958669937790445
14,7,6,6.982324427813067
6,6,7,5.850288461538465
10,7,7,4.084495618962036
8,3,8,43.08931503579954
22,4,8,3.205579677095674
17,6,8,10.618301766672
9,5,3,2.557900922446192
8,2,2,2.8037259201252893
0,7,2,3.47407547169811
11,2,1,5.314483988787912
23,3,1,4.13347647058823
0,4,10,7.472992968669192
11,5,10,4.351285348141801
12,6,11,4.3407918042025475
20,7,11,2.908851783652201
16,7,12,4.372860726803159
20,1,12,12.203808532778371
3,2,12,4.894727385377944
12,7,8,3.6021117759042625
9,4,5,5.465262641941008
10,2,4,13.990576273347344
6,6,3,4.7925879043600625
19,7,10,4.002202776565989
5,2,10,5.440151085930128
4,2,11,4.980426894343646
11,6,11,3.0677772321428627
4,1,11,15.02172176949941
19,5,12,6.152142132243889
2,3,8,5.369069656488564
20,4,8,2.9114041796652415
11,4,5,2.648707715697447
14,5,5,11.432263287732692
2,1,4,3.6333994644595884
7,1,11,6.728637336504152
3,6,9,3.9448057407944344
9,7,6,4.632526923076913
4,6,5,4.2115348472983545
19,5,4,5.713090538474587
7,1,4,7.214145077720201
18,3,2,2.738200515883789
4,4,1,4.9908203124999995
23,6,10,3.1018608559937744
12,2,10,6.746568305475223
23,6,11,3.2821473716663876
12,7,12,7.578815138412147
23,3,12,3.741720430107492
10,6,9,9.07221196766801
9,3,9,22.386427393872793
22,4,6,2.9952004684755265
23,1,6,7.999798413507025
7,6,8,76.32834459459464
19,1,5,3.311562997718562
18,1,4,3.149451468325643
4,2,4,5.739711538461536
6,1,2,6.072010582010582
16,5,12,7.032438189934006
20,6,9,5.453028412108351
23,6,9,3.3055542558934747
14,5,6,5.282567985804478
21,1,7,3.602504733727798
0,4,7,3.743703828752782
3,6,3,4.509019933554814
21,6,3,2.859574068927181
9,4,12,17.090484045205258
19,1,12,3.7542245766632725
16,7,9,3.186731103651897
22,3,6,3.099943041741055
12,6,7,22.6691876098418
11,5,5,18.824462596732644
7,6,3,3.5942200328407226
6,4,2,4.813360534124626
22,1,2,10.143106936416189
13,2,10,5.268681106077768
8,1,6,6.821204453441294
10,1,7,21.469799033816425
23,2,5,3.708413830582151
10,1,4,32.45855326295585
1,3,3,5.152026537997583
8,5,3,6.318515457606367
21,5,3,2.898435368043086
12,6,1,2.5562469553450624
1,3,10,15.906017649055284
8,5,12,5.150805504279233
13,6,8,2.948503658844283
5,7,4,3.739130434782609
1,4,4,4.17839265938934
13,4,12,9.467061075716739
19,7,9,3.1332478539998583
16,3,6,14.451616114706987
12,7,6,5.093139682347963
20,4,2,2.879553706505308
8,3,1,2.7679726094399646
7,4,10,18.553209417596026
14,3,11,6.379600261007746
13,4,9,2.705711948816746
12,2,9,3.1002578637323572
22,2,9,3.5771698212132166
10,2,6,11.290927777153772
18,1,8,10.599381324848661
12,3,3,2.6409685590820824
9,3,2,2.5095736743938133
12,7,1,2.5799959070072096
23,1,1,5.325612062356247
7,3,1,25.903660130718958
19,4,11,2.822962194559716
9,1,9,9.800915906788243
17,6,6,4.021337459844862
20,7,7,3.968096752594594
4,3,7,5.228402225755166
23,4,7,9.53067635998997
15,1,8,3.8046783433508655
0,7,4,3.2571038333836504
11,1,3,3.050952507649336
10,7,2,2.7226748696001195
19,6,1,2.76880057286073
15,1,11,5.808042321924135
8,6,7,4.876229939819477
16,7,7,15.075416887382113
22,5,1,3.536929078014188
16,3,8,3.656698076423194
8,7,5,6.163694812362027
3,4,5,5.241865102639298
14,4,11,3.043021292854907
7,1,12,47.907450442207995
4,7,7,12.20947895254268
7,4,7,6.039406291537444
15,6,8,10.885313798085615
23,6,8,8.434116159111191
22,7,4,2.93896754424365
17,1,3,2.9680213554151464
16,4,2,2.5594925648539983
5,1,2,4.638131313131313
12,4,12,15.73206915894019
21,4,12,3.211475221029098
9,7,12,3.9270341508136597
17,5,6,10.737376934927736
15,7,5,15.841088709677432
13,5,10,13.958354254389455
2,4,11,3.659654242275626
1,7,9,7.022015916368412
14,2,9,4.481819588127241
19,7,6,5.656687898089177
6,5,7,79.31725634178905
23,7,7,16.291698715221635
8,1,1,4.040464939024387
2,2,5,5.3566847935548925
0,6,5,3.5184426509814477
5,1,4,3.881114864864867
18,5,3,2.698059394577015
20,5,3,2.675701365817655
4,5,2,4.266428571428574
17,6,2,2.7456378673235933
23,6,2,3.208706886045088
3,7,2,3.570812445980988
15,6,1,2.656343679031032
2,1,10,3.1173564183732836
1,6,11,3.657338292873927
14,3,1,2.4916819151131673
21,5,9,5.102169127282225
9,7,9,4.719059125963984
18,3,6,6.034726967757962
17,1,6,3.6027805425448887
1,1,8,7.200355772419358
14,3,3,2.597135667201148
14,6,2,2.5741326593514833
15,7,2,2.662529998736909
10,4,1,2.5095761969250323
23,7,10,6.1893415090154305
19,3,11,3.0779394926798433
15,6,11,8.61935994001567
10,7,11,6.144274228196169
13,6,12,3.211581913278197
20,1,8,7.442542965713815
10,5,1,2.4515484321639227
7,2,5,5.999570524412298
12,3,4,18.416031583148072
20,3,10,2.6523491293264962
12,5,11,7.5781274106726455
18,1,11,7.4753234742931545
9,3,12,25.95623310717634
10,1,9,6.938020687727164
19,3,9,6.921793814432987
15,2,6,2.982733336183677
8,5,7,55.797488901536674
11,6,8,3.216108005160659
22,4,5,2.9145876935956427
16,6,4,7.597870678574962
23,7,4,3.1862107301678306
12,3,2,2.5838065186131955
20,7,1,3.1561250663364624
7,6,10,70.74339589145323
21,7,10,8.54249866023578
14,2,10,6.664900945228533
18,3,10,3.1140670559157306
4,6,12,3.9957866184448547
0,2,12,5.364974868997959
1,3,12,4.945832620229343
5,3,6,21.793748378728917
11,7,7,3.3090518215193403
0,2,7,4.191336365226507
14,7,8,12.646352518683896
11,3,4,10.525592955460693
0,5,4,3.498162538449076
20,6,2,2.6609239271781444
12,2,11,3.1307445860745786
0,3,11,4.417733112308339
19,6,11,5.123835318990862
20,6,11,6.939383211461865
4,5,11,3.8714455626715476
18,7,9,3.347717850214917
22,1,6,3.832473929747508
0,6,8,3.704542428376519
5,4,5,5.043541666666664
22,6,5,4.784241806412164
13,5,12,9.235839850910402
1,5,9,4.002630839245078
2,5,9,4.244987041036717
6,7,9,4.012319804834782
17,1,9,3.9271670210252587
21,2,9,3.2698857594797675
8,7,7,40.96857635694574
10,4,8,4.514990331087027
23,4,5,3.289599691576179
0,3,3,4.465281661184203
8,4,3,5.913699800109042
20,2,2,2.8057121879588762
5,6,2,5.062527716186257
19,6,2,2.591431150500563
3,4,11,3.7252140077820965
6,1,12,6.809178617992179
11,7,9,4.818218040530238
23,1,9,4.051456231805559
4,3,9,4.386562731997035
14,4,6,2.6378049336852882
12,1,5,3.263174893756133
3,1,5,17.66626783638091
11,1,4,6.653506746626689
1,1,3,3.4931410475864335
22,4,12,3.9894362968084884
10,7,12,8.623923217037971
4,2,9,4.280511247443756
0,2,6,4.231825885291223
19,2,6,2.9100942712110145
15,3,8,2.9536681617468146
18,4,5,6.073237413103023
15,6,4,2.6941114280281226
7,7,4,6.30376585365853
18,4,2,2.6630963506898193
16,6,1,2.673713388007235
21,6,1,3.1927516399004703
18,2,10,3.3953738370137687
11,3,9,13.149038943759285
14,1,7,11.005296556489686
2,5,5,4.011636889569505
18,3,3,2.730161694660327
10,7,3,2.7457160539670724
7,5,12,53.211710643015536
8,2,12,5.982412145499412
18,3,12,3.2196641612572705
8,1,9,14.332734305266294
16,1,6,5.050576443553519
18,7,7,3.2716082031107994
8,2,4,7.271479059904559
15,7,3,2.7057346335049632
1,6,2,4.541517797179316
15,3,2,2.5783511450381615
8,6,2,24.2561729120169
19,7,2,2.673566918325315
19,1,10,7.932532312424345
20,7,12,5.972269754768411
1,6,9,3.8606995696961866
0,7,7,11.836521359707437
6,1,7,4.386248196248203
11,7,5,11.98264929888249
19,6,5,5.48320712610636
14,5,4,2.6033819851431494
8,6,4,4.167188976377938
19,6,4,6.096552725798847
17,1,4,3.057847962986765
23,1,4,4.302309904952485
4,4,4,4.866633663366335
6,6,2,4.981702432045786
18,1,1,3.5142200521929308
3,1,12,3.132918138375232
9,6,9,32.82401148054273
0,2,9,12.833525797558083
9,4,6,3.5863636913035504
18,4,6,2.950063764224909
7,6,6,6.105684394071492
23,5,8,6.667657189442577
5,5,3,5.942720930232554
17,1,1,3.0392941000523446
15,2,10,3.2819295702592015
11,7,11,13.206294176433174
15,6,12,12.48994971348382
21,6,12,3.0633486270420596
13,2,1,2.5380910792264593
14,3,9,2.8580448219129444
6,6,8,170.57358886996022
17,2,3,2.805302188672078
2,7,1,4.061106557377049
16,2,10,3.363074462690662
3,5,11,3.359542028985501
22,4,11,3.284578217821758
4,6,11,3.6588213087248342
17,5,12,3.3882433823108893
11,5,9,4.402335171619067
19,3,6,2.7260384220560185
15,6,7,3.5181269898697645
22,2,8,5.700202413760352
10,5,8,16.18844348182404
21,3,5,2.819624705327673
23,4,11,3.504443678656029
10,1,11,24.746813194396506
11,1,1,2.990277118961426
4,3,12,4.85363751584284
9,7,2,2.9177236261532298
2,4,8,4.493790393013091
19,4,2,2.5884693014602163
2,2,1,4.7625645161290295
5,5,11,5.557693188322835
3,6,12,3.4529523129130157
19,6,9,3.1133613812698075
11,1,7,20.26276522168704
8,2,8,15.364414208308247
15,1,5,10.96039493781367
20,4,5,2.6466417717307023
8,4,5,10.8299783261087
9,7,4,29.588177261936153
2,2,4,6.0811998110533745
19,4,4,4.594861797704515
2,4,3,4.555003679175866
14,6,3,2.9069831481579915
23,1,2,4.471699115044245
18,7,1,2.9716640295358663
15,6,10,6.192647250597661
6,3,11,26.86935295677538
2,6,6,3.986209967974359
21,7,6,2.8420738764621487
4,6,8,3.6127848711154007
12,2,5,2.9967395432383976
14,2,4,16.852798889372803
4,4,2,4.155130434782608
15,4,2,2.581277346506704
16,3,11,3.244551755311137
1,2,12,5.159702470059876
8,7,9,6.143973933043708
3,5,6,21.534418172157277
3,7,6,3.3826513840830352
4,2,5,4.984227799227798
15,2,3,5.8648847616916475
5,4,3,6.014124999999993
1,2,2,5.3060611854684545
6,2,10,71.01375187969919
3,2,2,4.269030612244897
1,1,12,10.196132997357259
4,4,6,4.685784883720941
2,7,5,3.5857127282638417
14,4,3,2.829324837428544
17,2,2,2.7603110026218367
4,7,2,3.6163793103448283
1,1,2,3.508980908152734
8,7,1,11.595420721236426
9,1,10,25.67363812422188
8,3,10,45.120438256960924
9,5,10,27.702304350311564
8,6,12,7.640249082698285
8,7,6,48.294020797227034
13,3,4,17.635684109457515
5,1,3,3.6326462395543184
1,6,10,6.872438404774364
5,3,10,6.298225806451614
15,3,1,2.5623373553924553
11,1,12,3.5571966098035066
11,3,8,10.130637314206714
3,2,1,4.44315960912052
5,4,1,5.036775818639797
16,2,11,3.455201287395098
19,1,11,3.624996642605363
18,2,9,3.465819689119181
17,3,6,2.907340490887289
5,4,6,5.316730769230771
7,5,7,6.174161656646626
17,1,8,7.1396198141313505
4,3,5,5.913860294117647
13,7,4,8.474501449096637
6,2,2,4.709889447236181
3,5,2,4.173058510638298
16,2,1,2.7365791495007348
1,2,11,5.492514156285369
8,3,11,18.341092857459188
15,5,6,3.379866640206393
23,6,6,3.12329307775322
13,1,8,5.207055725450213
9,6,5,18.13342341499909
2,6,4,4.362266244057045
15,5,3,2.5311647309788987
14,5,2,2.597024743512365
6,5,10,5.625074503311257
7,3,11,45.158165261080214
2,7,11,2.936069444444457
15,7,9,4.680095671400616
20,3,6,3.2595389533905434
16,4,7,6.863170343945112
0,4,1,4.310086250634191
11,5,1,13.094906423117225
14,2,8,7.234092994080053
14,7,5,4.812256879358166
3,3,5,5.370204603580557
16,3,5,2.6841650773038843
13,6,5,16.346887366034647
4,3,3,5.479903147699757
23,6,3,3.1064130531962584
11,5,2,2.5207158786797548
9,1,1,3.6688134160090144
7,2,1,3.797197758206568
2,4,1,4.387163375224421
20,6,12,3.059770034640353
19,7,12,3.008600298541732
16,2,9,3.4029839016352037
16,5,8,3.2260352792944107
4,7,8,3.2189717328963434
6,5,4,5.959215384615386
1,2,3,5.81099883404586
2,2,3,6.080170178282015
3,3,2,4.534885496183207
1,5,2,4.395444287729198
20,6,10,5.175717263725534
16,5,10,5.956666778546008
19,5,6,4.181140135661716
7,6,7,98.71090367427999
14,7,7,3.095404952885268
19,5,1,2.71076730448183
5,3,5,5.963381818181818
9,2,3,6.032325910215631
2,5,3,4.543474676089518
14,5,1,2.5595658263305308
15,3,11,5.250071755243666
3,5,12,3.715082266910417
8,5,6,79.92456940222903
10,6,6,11.007088328075703
18,2,6,4.689609917355385
21,4,7,2.9737875089195214
3,4,8,4.363704135119401
3,6,8,3.7195868125539877
3,7,4,3.336146195922427
13,2,3,10.64052330919105
0,5,3,3.922973842195542
0,6,2,4.045233291298866
19,7,1,3.0469591640109672
16,5,9,6.437474839335522
12,4,10,3.6883858267716474
2,2,12,4.902697557471264
7,5,1,15.33301520467836
22,6,9,5.449914937333064
6,1,9,4.087046910518714
5,7,7,3.5807464186981712
7,3,7,34.47841884328358
6,5,1,4.518924646781793
9,1,5,19.018416723783414
14,3,4,6.645833290770726
7,2,2,24.520481630132743
10,5,10,15.773315363881398
21,5,12,3.278054087659281
18,3,7,3.15356699482068
22,1,8,9.013329503676493
10,1,1,3.15275555555556
20,7,10,6.420228803564398
7,1,10,6.256081273088957
20,5,10,5.396291496837656
15,2,1,2.8265533880195717
21,4,9,2.9334935991976496
15,3,6,12.23858616563722
4,1,6,3.401351144202325
13,4,7,6.039927713062296
19,4,8,3.064603482966755
1,2,5,11.850807953687418
20,1,10,3.4138070818070836
14,7,12,16.749745132886332
1,1,11,3.142817744121931
15,7,1,5.831812743045182
13,2,6,5.479141401773033
22,4,7,3.1538563903521015
15,6,5,2.77446366014811
14,2,3,2.669487723104234
5,3,3,5.4935199999999975
2,4,10,3.8929848693259967
2,3,11,4.643961272475801
2,5,12,3.8052674339878143
15,1,6,9.65037563147103
14,6,7,8.817793705902103
14,4,7,10.95724405293498
7,1,8,6.67602200141947
9,3,5,39.34646525423725
6,2,3,26.798393719806786
18,6,3,2.7352857811038205
0,5,1,4.291347265451311
5,5,10,3.867244258872651
11,7,12,31.17761220731382
11,4,9,9.162522930362552
0,7,8,3.5781165223484486
0,3,2,5.5421658483360625
14,1,5,5.617907879882589
5,5,5,5.119166666666665
10,4,2,8.800888278388287
20,7,2,11.689779360532572
2,1,2,3.3779243027888426
1,1,10,6.514684612294106
23,3,8,6.975288522225226
14,4,9,5.727469964191308
12,3,6,6.307537802914268
15,7,6,12.314244510684745
6,2,7,6.0821278254091915
1,7,8,4.504283512278082
19,6,3,2.6156776130101673
13,4,10,2.7249672591206684
8,7,12,34.861451846488066
13,1,12,9.289524604908122
15,3,12,3.276666311414262
15,2,9,3.342635952014194
1,1,6,3.3938464163822464
9,2,6,3.56873183197571
14,4,8,12.832945390190472
21,7,8,4.313804581698499
5,2,2,5.317432762836188
17,4,2,10.783035404373482
11,1,2,30.167353499926943
4,6,1,3.505881542699722
23,2,7,3.816883511833912
14,1,8,4.317462657038269
9,2,8,13.808270433621471
20,1,4,3.3727563395810525
21,4,3,2.9116140710382523
16,7,2,2.5817960102960096
6,6,1,4.795471438403304
11,4,11,7.688809013309603
3,1,11,9.050159866380346
10,6,7,8.269534281305114
15,5,1,7.783035661306608
12,4,5,2.6235467474456904
14,6,1,17.746721500721492
14,7,10,11.291300627143233
16,4,10,3.0150805473756996
7,4,11,76.24946877912397
18,3,8,5.7478577852004165
14,5,7,4.06323320003901
17,3,8,3.3102206503708898
7,5,4,61.64536363636366
1,1,4,3.2461554026709756
12,2,2,2.663030421598355
17,7,2,2.651122211122207
13,3,1,2.542314014453728
15,3,10,4.591460477604664
8,5,10,9.231505741738946
10,5,11,3.0174248028813446
15,2,12,3.479497578468698
5,1,9,13.649014625681701
10,2,7,3.465472930710963
10,7,5,33.44390370029877
0,1,7,7.346570781426952
6,2,8,104.44125967628416
5,6,8,3.8814161598609873
18,7,8,3.6727754927163745
23,6,4,6.28964804373825
4,5,4,4.740380434782613
11,4,4,26.20432755275287
3,1,3,3.6386940097139804
20,1,2,3.1549071399092075
9,3,10,13.452666986449218
9,1,12,31.697362766933065
7,6,9,185.3023302687412
23,7,9,3.1968230023770454
3,6,7,4.032564935064939
4,2,7,4.751793611793612
18,6,8,14.405452195322122
6,7,8,28.87401169875701
9,1,4,55.9499163179917
22,4,2,3.4902806038726637
10,6,10,15.03237701206206
14,7,11,5.365436739904588
22,1,3,4.184240335630811
17,4,12,5.3348791744302675
23,3,7,7.519938653637347
8,5,4,18.683421392677676
14,1,4,11.798530912464383
20,2,10,2.892650904410259
22,6,12,3.235740208734845
1,4,9,3.8853181321681993
9,2,7,23.608162644692953
9,7,7,4.973867137355566
18,1,7,3.7523974878023356
4,2,8,4.855243179122187
6,5,5,803.0748979591838
8,2,3,31.409320277509508
23,3,2,4.137048286604362
10,4,10,7.625350775020149
17,3,11,5.7093777967185275
0,4,11,3.743549168313044
16,5,6,2.883811662494486
16,2,5,13.959955081001485
17,4,3,2.6336666666666853
15,1,9,12.27334090123885
9,2,9,8.018506961506946
21,1,9,3.594451354485083
1,3,9,13.606070374822416
0,4,6,6.0321175422040305
20,5,8,6.018907118644076
19,7,8,7.576503649334046
9,5,4,37.32127523910735
14,4,2,2.530756673826332
16,1,2,2.725186222109105
12,3,10,2.7900112953508422
2,3,10,5.1382524839275305
0,5,9,3.685164829967344
18,4,9,5.999094361059622
7,6,4,5.33242297650132
2,3,4,5.716859238881245
13,3,3,6.802997126170371
20,4,3,2.649976908576835
4,7,3,3.6098192090395527
12,1,1,7.962009913008279
11,6,10,11.79211409268607
18,6,10,8.3556956268545
8,7,10,5.812738304952046
21,3,12,3.208025968003725
6,4,9,258.0665123703113
23,3,6,10.730234308498735
11,5,6,10.42158585759242
5,5,6,4.521771300448428
17,2,7,9.422562393162385
17,5,8,7.888831924882633
3,5,5,4.803907745865963
8,6,5,52.55347254967999
13,6,4,2.715119594623591
8,4,4,67.98545567596378
8,1,12,5.578923830916883
12,2,12,3.2211984238416598
15,6,9,5.543823216659264
7,7,9,5.624469044690443
3,3,6,6.282069553358328
22,2,7,3.6312762762763056
20,3,7,2.754705537268209
22,3,7,4.147227352133781
2,7,8,3.6671931595885736
3,5,4,4.426549749463136
9,7,3,3.137447839046201
9,3,1,2.4966061385184144
1,4,10,3.78009952569782
22,7,11,3.0745403734094645
6,5,12,58.35687956204377
11,3,12,2.9833503492745708
4,2,6,5.461321839080464
4,5,7,4.051374911410352
14,3,8,3.0196070594892914
2,3,5,5.376884057971029
7,7,10,72.72597529258776
6,3,10,6.211809290953545
2,5,1,4.351491085899515
12,7,11,5.907919545524349
0,5,12,6.061016339533434
4,4,12,28.583426812585504
14,5,12,6.483265125864852
12,4,9,2.754679801071165
3,5,9,3.65664022213407
19,2,9,3.16825683783995
5,5,7,4.919531153608885
2,6,7,18.339892123423496
19,6,8,3.5250904192500636
13,1,5,9.043063304168804
13,3,5,11.615721114727396
7,6,5,128.18117824773412
16,4,3,2.6283966675835932
4,5,3,5.270329341317365
12,4,1,2.5602718965901574
14,5,10,3.4464148082399393
1,4,1,4.589576816927323
22,2,1,4.530991282689925
10,5,9,3.8831627801675515
22,1,9,4.032527479021387
12,2,7,3.2892596717467857
10,1,8,12.312679840773388
0,4,8,3.7786304582039416
14,6,4,5.4346608383420545
20,3,3,2.7287431609373436
22,4,3,3.150600089968522
19,1,3,3.2323419023136215
13,3,2,2.5132299378146272
2,6,10,3.5517944056764277
15,7,10,6.721695954353703
15,1,10,8.415782004533343
21,5,11,3.1260420241772593
19,6,12,2.9276807295100196
18,7,12,11.233584535487594
16,4,6,2.781242068433879
12,6,6,2.905358178053834
7,7,7,7.031878100637849
4,7,4,3.4458348214285737
16,2,3,2.7774172730422744
8,3,3,10.081197734016733
19,5,3,5.032697371548093
14,7,3,5.819483972733923
7,1,3,5.006964149504196
1,7,2,3.480743015044517
11,7,1,2.7184349209505876
2,1,1,3.8589386792452793
19,5,10,5.385031784403266
21,4,8,3.0665952518818465
15,4,8,6.223455064312008
0,6,4,3.445073783129007
7,4,2,3.362132119415631
19,4,1,2.6557498431290543
10,6,11,4.745531629821034
3,2,6,5.974605446927368
21,7,5,5.740400880546882
20,5,5,2.773501742160275
23,6,5,20.147799264444206
5,4,4,5.3054434250764535
12,5,3,13.750948699929738
17,5,3,2.723994222819833
4,6,2,4.36392405063291
7,7,2,3.9984079822616407
14,7,2,2.5016606308026725
10,2,11,13.712346336339596
16,6,11,3.4521896970891595
10,4,12,10.870779363336986
15,5,12,3.353100016450045
6,6,12,12.975837854128981
6,1,6,4.12704111362901
23,1,8,11.550839289226962
21,6,8,5.3984085014130265
13,7,5,9.890518036820595
8,3,4,4.12010859728507
16,3,4,3.606133627879723
2,4,4,4.274489064180719
14,5,3,7.43948139076728
10,7,1,6.47995380147836
17,4,10,14.313581137774795
2,5,11,3.408476090383614
17,5,1,2.729748924867185
16,6,7,11.275929469840435
20,1,7,6.693235130628129
16,2,8,3.374959853752971
17,7,8,11.40074892519341
10,5,4,11.096953242082138
5,2,3,5.319557692307693
19,3,2,2.6656438258386927
21,3,2,3.170832476875627
10,3,1,6.532565632458222
1,5,12,4.11012331934573
4,1,12,3.4385152452496675
18,1,9,3.8297250295912018
17,2,9,4.1200395863629025
21,1,3,3.4639475320154096
7,3,10,145.284903569963
11,6,12,3.2612851746202978
2,6,12,3.4868369671330726
11,6,9,7.862099882239588
0,6,9,3.6909049657092563
6,4,6,22.88095944609298
22,6,6,5.0148301992703
18,1,6,5.143423877765024
18,2,8,4.1045117569634675
9,2,4,3.2998789483639133
5,3,4,5.940255474452556
10,5,3,4.70913479052825
22,7,2,2.9517636195752543
19,2,1,2.909013373483309
0,5,10,3.577173553718988
6,2,11,119.4336405418481
21,3,6,6.460811821551493
8,2,6,6.7216617994715655
10,2,8,11.001528839823763
4,6,3,3.8488571428571405
4,2,10,5.051333333333342
8,6,11,13.039725167712614
18,7,11,7.209838111082662
22,5,9,4.739451569806264
16,3,7,5.177724825523416
7,7,8,6.149047619047617
16,7,5,2.8460124632404407
17,3,3,5.7777448174169495
23,2,10,3.843005380911922
9,2,11,31.990587303980732
17,7,11,3.1856090894121607
22,5,12,3.2830667421615356
12,7,9,8.777151906158357
8,7,4,5.44902080783354
14,7,4,2.6069813453928723
23,4,2,3.619847933176257
18,6,9,6.462676512399304
21,7,9,7.415892184109341
6,3,6,169.6989715964741
3,2,5,5.705760765550248
10,3,5,5.824313044501988
19,7,4,2.8066360691144676
11,2,4,4.14381331450213
18,4,3,3.088211140383895
3,1,2,3.5602594514455137
18,7,10,3.11626919084304
11,3,10,2.86705209715043
21,4,11,3.477681319098834
16,6,12,5.280093785960882
8,3,12,28.02307185758742
12,4,7,7.813339254872953
19,5,8,3.21019172986121
17,5,5,5.204034742190903
17,7,4,2.8255426657606124
18,4,4,3.3243079394217405
20,2,3,2.8037330578010153
3,7,3,3.446012861736339
12,7,3,2.5673953488371963
19,7,3,2.7334079903147677
17,5,2,2.74484298049247
1,2,10,5.271985541187252
22,2,10,3.4056582272209233
13,7,12,4.468291628940663
23,7,6,4.514634786117827
23,2,6,5.7598825392635495
19,3,7,3.3320650430217458
22,5,8,3.235216546363122
8,1,5,39.2530664206642
5,6,5,18.13590476190476
10,3,3,9.18524180710327
5,7,2,4.510786948176587
10,5,12,8.010042983757454
22,2,12,10.031708008504614
13,3,12,8.196492402173062
20,3,8,2.943092568161825
18,6,5,13.929834707370818
21,6,4,9.245247517303644
10,6,3,2.5209672526714972
10,2,10,10.00242724690499
16,3,10,3.0736979890310674
18,3,11,12.939334403142361
18,5,11,3.0544498214464677
18,6,12,5.613108256570616
16,1,12,4.038247712878245
8,2,9,94.6099668624793
10,5,6,19.974861073351093
19,1,6,7.658227835311969
19,3,8,4.2516827288125585
5,5,4,4.92834862385321
23,2,4,3.6133723626246184
10,3,4,21.553573754069653
18,5,1,2.6957234409662307
7,1,1,74.43000609013397
11,1,10,15.087181839160067
6,5,11,30.963246515040357
19,7,11,5.327548826048647
19,2,12,3.082456751209502
21,2,8,8.067960724499486
7,5,8,174.15772689075627
6,2,5,74.83379731379733
1,4,3,4.6102833607907705
18,7,2,2.707277247956406
0,1,10,5.298191482669684
17,2,10,3.3369639319753293
20,2,12,4.031005278116124
2,4,9,3.9783899115467305
0,6,6,3.471820854886996
1,6,7,3.992516429194521
21,3,8,2.955683655107207
6,3,5,120.72779156327539
21,6,5,2.8213365667488275
21,5,4,2.7457943925233548
11,6,4,10.50442924749075
2,7,3,3.271691507798964
4,1,3,3.5955010511562646
12,6,2,2.58629926704467
1,3,1,5.252682464454975
16,7,10,5.317198338889867
23,7,11,3.2970052755640475
2,3,6,12.101182776801398
13,3,6,5.851419782648715
2,1,5,7.100887995253482
10,5,5,10.02388519490025
12,7,4,15.98949467065409
8,1,4,5.846525285481245
8,4,12,11.836477997891356
5,7,9,16.668810692148757
23,5,1,20.976931192660544
19,6,6,2.986214742458124
13,7,6,15.519251088392123
4,7,6,3.2845719889247795
6,7,7,93.81240142570731
15,4,7,2.8481406765676525
2,6,5,4.006681398151865
3,2,4,6.36958158995816
16,2,4,2.705252940891701
9,4,4,19.05418395119664
17,2,1,2.866004765095661
5,1,10,23.570974515282348
8,2,10,26.577765474919957
18,5,12,4.598853562996343
21,6,6,3.638064937488336
2,7,7,3.705843598461631
5,1,5,3.5526415094339687
6,1,5,4.588044554455443
10,7,4,3.2994578989575007
2,5,2,4.366241519674359
6,3,1,44.66770053475935
6,1,10,8.567284496886273
6,1,1,103.97821162444127
2,6,1,3.734218978102196
6,4,7,188.86157581764115
17,7,5,4.392185592618873
21,3,4,5.737507509209406
15,3,3,2.5953595584879032
6,1,3,5.095771604938272
12,4,2,14.801319129348313
2,2,11,4.731252669039155
3,2,11,4.0908937109231305
0,4,12,3.8935101226119104
1,4,7,4.200828318916882
4,1,8,3.395108558973926
9,4,8,25.7571878720533
12,6,4,15.878647581441243
2,6,3,4.750854271356778
11,3,2,2.6069229462237815
0,3,1,4.969699248120303
18,4,11,9.5681135658097
8,4,11,13.867834741349377
8,7,11,4.850627536684373
2,4,12,7.138879043890375
14,5,9,7.236029357920325
4,7,9,3.1569063590018818
23,2,9,8.48171190224416
0,4,9,12.407664432047238
11,7,8,12.491682514527218
23,5,5,15.244312640603146
13,4,2,4.752807273188027
20,6,1,2.8394817026489
23,5,9,8.534332458825276
12,5,9,2.973148975504539
16,6,9,3.8289876760563293
1,6,5,3.7418591959250476
11,7,4,22.694733047748418
10,6,1,6.437960342146195
6,2,1,5.335209380234507
7,2,10,6.517762289068252
13,6,9,6.838319476055555
21,2,7,3.354821909754541
18,3,5,4.470586077424364
23,4,4,3.276087274857223
17,4,1,2.69358472338508
13,3,10,2.866685891747988
22,7,1,3.691688058035706
17,1,11,4.9274228537122156
10,3,6,5.700874225206599
2,7,6,14.946427645493623
2,2,7,5.347286184210548
8,3,5,61.284563608194155
0,3,4,4.223310043668117
13,7,10,6.249084303326702
22,6,10,6.539040486176483
5,1,11,4.318418347172796
17,1,12,3.9676880756887343
7,2,12,5.185102941176467
22,1,7,3.8786983791402516
2,1,8,6.237237536341126
11,1,5,3.40190508474576
15,2,4,11.727024475155607
9,3,4,8.935976529756914
18,3,4,2.7827949577451534
22,2,3,3.5384602726845404
17,5,9,3.393335679512009
13,3,11,14.097779236311679
14,1,6,3.27401457232286
22,3,11,8.154972436604181
4,2,12,5.3115913200723375
4,5,9,3.995996569468278
8,5,9,26.791499399366604
3,3,7,5.7387946074544125
12,3,8,2.9051800313816027
18,4,8,12.793934138052274
3,5,8,23.983782435129736
21,2,5,3.1145397399876242
4,5,1,4.039354838709676
22,3,3,3.1419134822012427
16,1,3,2.943275050437128
12,7,2,17.84116336027431
3,7,1,3.5412237330037044
20,2,1,3.0470764525993954
19,6,10,9.544492350486813
2,2,10,5.580631722724953
11,4,10,7.754315812149927
11,4,12,5.864777726936729
13,2,12,8.83161751563896
2,4,6,4.212961512491568
22,6,7,3.056002461400759
6,1,4,4.7721102362204775
17,1,7,17.096043276661515
12,6,8,12.023284714747033
19,7,5,3.7363553267493015
7,4,5,5.058616600790516
1,5,5,16.860565173116097
22,5,5,2.992610734182815
23,5,4,3.182590197853342
1,7,4,3.367650331342535
18,6,4,7.892004753795933
18,1,2,3.0194655539772692
23,6,1,3.5040146566831254
11,5,12,3.0995658335925786
4,5,6,4.181581828133555
17,4,8,3.319595885093173
12,1,4,2.9355607381869655
11,3,3,2.61391647621027
11,5,3,2.5358978337781695
10,5,2,2.460302848125047
22,7,10,2.8836102984201517
17,5,10,3.277179222787902
9,2,12,16.533879239525874
3,7,9,3.1816813659775667
15,2,8,5.459054495705708
18,5,8,3.313811002834185
7,2,4,80.01518007202884
5,3,2,4.749789473684208
8,4,2,2.7739274633572255
14,6,10,3.4168992345733447
3,4,6,4.918753159224931
15,4,6,7.633704817350154
21,3,7,3.0584126228988118
10,6,4,8.503563896133338
23,1,3,4.7794083969465575
2,3,1,5.4409515570934195
19,4,9,4.399590473954663
8,5,8,18.136862489120976
20,5,4,2.634307103184182
6,5,2,4.671183385579938
23,2,1,4.914890393294648
22,4,1,3.357849950641663
19,2,11,5.372507302823763
12,2,3,12.888720356261416
14,2,1,2.6143575708262397
23,4,9,3.4305722037742203
12,1,9,3.4274631002255918
2,5,6,15.026324169842132
0,1,6,6.594778641080461
12,2,6,2.882066159374322
2,5,8,4.32183318522281
18,7,5,13.954202691096473
10,1,5,63.46140627463347
2,7,2,3.614743784880773
21,2,1,3.871469998176192
4,6,10,3.3526475356679626
5,6,10,4.400947307803062
1,5,11,3.8278422835026618
15,5,9,3.4073961365440706
8,3,9,24.41011363636364
11,4,6,15.867457386938755
3,7,5,3.425288483466369
0,1,4,3.066185176941902
1,2,1,5.962131147540982
8,2,1,10.399243282498178
5,1,12,4.38496330043027
16,3,12,11.260968252898369
5,6,6,3.8962668227033306
7,7,6,159.02202505219213
2,1,6,3.453044477490893
1,5,4,13.226167454259064
3,4,2,4.206956521739129
21,6,10,6.839601284515494
21,2,12,3.2128662894580153
17,3,12,3.267044518175525
21,7,7,3.0824328107502983
23,2,8,4.020934813363807
17,3,4,9.004835571817427
12,4,4,6.159902661340239
21,5,2,2.9104670673678896
5,7,1,5.44136456211812
4,4,11,4.677655502392345
2,6,11,3.27658417266187
9,5,9,7.021049319144075
2,1,9,3.212435686296777
22,6,8,7.566797534809389
4,1,5,3.480974866717441
0,2,4,4.805196615231456
5,2,4,7.485229357798167
2,7,10,3.283524265369368
15,5,10,7.505868630166958
14,1,2,2.640888869195318
17,2,8,4.567343586524364
5,1,8,8.428428953799614
2,6,8,3.94912721358871
0,1,5,8.885810290691778
22,2,5,3.5081136446774672
2,3,2,4.828377192982454
23,5,2,3.6682854880221676
21,3,1,3.3179009393680654
12,6,12,13.364032001132761
7,2,9,7.029337325349307
14,2,7,3.119278299061677
15,4,4,7.650071158873075
11,6,2,2.559676719461914
9,4,1,11.508085571012613
23,1,12,13.136351167020338
16,4,9,3.044945595696584
3,2,9,4.278390501319269
5,2,7,4.463708333333337
0,3,8,4.215569220862833
9,2,5,32.736831352443104
20,1,1,3.793380049464144
21,6,11,3.080197173467057
16,1,11,3.9308566165182612
20,1,11,3.6543701256995917
12,3,12,10.214362313937755
19,4,6,3.654511592443042
15,2,5,6.99998838463455
15,3,7,11.97074978867287
13,3,7,8.111699918273159
9,1,2,3.4826526777325464
13,1,2,2.6108811572279516
14,1,12,7.817342309816088
2,6,9,8.39723338892302
1,1,9,8.370285423531682
7,3,5,5.50073600973236
9,5,5,3.4044795761408406
15,7,4,4.937116619381811
0,2,3,5.409769024541138
16,5,2,2.6345970201783198
8,5,11,4.340296316250243
9,6,12,24.769518976635982
11,2,12,10.702249339418692
5,3,9,4.364660691421252
0,3,6,7.777765548335744
12,1,7,3.6695200750149066
1,5,8,4.153694017652829
8,2,5,4.844958932238186
7,5,5,18.887535753575357
20,7,3,2.740831492390771
1,7,11,3.2435029819063943
3,6,11,3.3201895623683617
21,1,11,3.7248416220351936
1,4,12,4.149438259109308
5,7,12,33.74894154370036
6,2,6,6.828744228993544
21,5,1,3.179562724969999
14,6,8,15.49481651802298
1,7,5,3.398385593684907
15,3,5,7.994263952424514
14,3,5,11.527718796851593
16,3,2,2.613537582242306
7,4,1,39.778627029608415
22,4,10,3.1537315364702185
22,5,10,3.03171125098347
23,3,11,3.672808625898546
21,1,12,3.6965004590314328
9,5,1,4.451956436574476
12,5,2,2.6037991740925963
10,1,2,2.9791895185862223
11,3,1,2.621020456148605
21,1,10,16.57069745108238
5,3,11,230.76117035110536
13,7,1,9.73655942128832
13,3,8,5.708618176178705
21,3,3,2.8379411121638363
21,1,1,4.204129379118976
15,4,11,3.2385310077519347
7,3,12,23.953822698200256
0,1,9,3.300264693905267
9,3,6,31.847459692307723
0,7,6,3.25754108559283
13,1,6,6.8874232111193825
1,1,7,12.874180237541308
17,1,5,3.6956543373693873
2,5,4,4.466145404663926
1,6,4,12.278105773896158
7,3,2,3.3430411720131357
1,4,2,4.819177631578946
11,2,10,3.2212870322911313
7,2,11,12.740496293617818
0,5,11,3.689828644950011
5,1,1,4.5237556561085945
21,2,2,3.4903354297693987
11,2,9,3.2824734311740813
13,2,9,13.677159766426415
3,1,6,3.396458542293542
12,3,7,3.271251925644462
22,6,1,3.3827408392434895
3,4,10,3.6039488817891345
3,5,10,6.962977325704608
23,1,11,4.790046534937001
3,3,12,4.078084663428164
15,4,9,2.9062782585804063
11,3,6,2.7190966947238686
7,5,6,36.78437762237763
12,1,6,3.5615853234004127
18,2,5,17.765202530198515
19,3,3,2.6634262732349967
13,6,2,2.5292785893558096
23,7,2,8.689972985670655
12,3,1,2.5663863773357574
4,4,10,3.475706521739133
3,3,11,4.279224765868891
7,7,11,24.155294391435906
7,4,12,30.837132304299857
16,2,12,14.112418002335168
0,7,9,3.508947787258468
13,4,8,18.384503683415172
12,7,5,11.883121264804918
13,2,5,11.705007284176885
7,4,4,129.7701230012301
10,3,2,22.14937555516075
7,6,2,3.203829648894665
10,4,11,6.3080267971076145
23,7,12,3.3593869460568992
20,2,9,13.89592979053531
20,2,5,3.0002709378040606
21,4,4,2.736266617234284
13,4,3,2.545874221613741
21,5,10,5.717515625000007
2,7,12,6.869189271331978
10,3,9,22.255010065836043
6,7,6,109.60313556274717
5,6,7,4.543852459016393
3,2,7,4.943645043527094
21,5,8,3.1528718882817297
22,7,8,5.968610248447202
11,7,3,8.84979973057924
2,1,3,3.4482878297084674
3,6,2,3.860625000000002
15,4,1,2.496381741712033
11,3,11,5.374291495333214
17,4,11,4.826676390573247
7,5,11,9.551274739583322
5,5,12,5.973646127755799
17,7,12,3.830722370301696
1,4,6,3.9394961912663184
11,2,6,15.478697827022366
23,6,7,3.2026614160308453
19,2,5,3.0532068381106905
1,6,3,4.2981068171949595
17,3,2,2.7528457134974875
5,4,10,4.072915254237292
21,3,11,9.58950294707423
0,6,12,3.893267741073802
12,1,12,3.3662276622902887
23,2,12,3.949321132290553
11,1,9,11.511777467411548
22,2,6,3.156197636321108
0,2,8,4.861022218793406
10,6,5,8.290561689562182
17,5,4,3.1108981361371124
2,4,2,4.599576988155672
3,2,10,5.263470569314878
1,7,12,3.286536839063851
18,2,12,3.3930281792432355
12,6,9,3.151792567996477
11,6,7,5.020234755503603
17,6,7,4.6820657354693855
13,5,8,2.7999387823425406
0,7,5,3.2570843562800733
22,3,5,2.886354773360333
20,7,4,2.8095396991622255
15,1,4,2.915756833419305
15,3,4,6.5164745576327
21,2,11,3.3628802634840778
5,4,11,13.68141193595342
11,5,11,2.9721110037277323
23,5,11,18.901007368949937
10,4,9,9.556707547566033
8,2,7,50.719461178045506
15,5,8,3.050014769230768
19,5,5,2.8833053783762543
10,2,2,2.5771851851851864
21,7,2,2.8374978354978335
8,4,1,6.425262064752606
14,7,1,5.88406787272261
5,4,9,11.780679963735265
2,3,9,5.366138165345421
1,7,6,4.286836272040291
2,4,7,4.703543808834187
11,5,8,2.9506210311053707
20,3,4,2.771409955812064
22,6,3,3.018875323054968
0,5,2,4.304074311338891
12,1,2,6.055485513807154
0,7,11,4.87119183403587
1,7,1,4.05692778457772
22,3,8,3.165255358045813
2,7,9,21.199470976400864
5,7,6,3.3638493176294593
11,1,6,21.87594243557774
20,1,6,3.477069715104058
4,6,7,3.850665387076131
18,2,7,3.4402061900800893
0,5,8,3.698374984761693
9,4,3,10.27724678362575
9,4,2,2.5264370631889967
17,1,2,2.8837819185645226
13,4,1,2.4488031970833672
14,3,10,2.877799120477919
6,7,11,6.381107396573342
3,4,12,3.731107518189169
0,3,12,4.330011905852184
13,5,9,2.975816787169217
21,6,9,3.0680773877325267
18,5,7,6.238969979944863
13,2,8,8.988794139911848
14,5,8,4.066089104693767
5,7,8,3.436381749927809
6,4,5,5.963882575757572
4,7,1,3.5337301587301604
22,1,1,4.922205558006167
22,3,1,3.7282837167343295
19,5,11,3.047832952875317
9,5,11,12.426064495929866
16,5,11,5.926930974679174
4,4,9,3.7778688524590147
13,4,6,3.333293042767248
20,2,6,2.8465160223899924
5,1,7,3.570472005208335
9,1,8,39.63007286673057
12,5,8,18.31684709877162
20,7,5,4.8504155342583575
0,6,3,3.7117206611570355
13,7,3,2.560370370370378
7,5,2,3.358925410872309
22,1,10,3.779079771304127
17,3,10,4.587920856075832
17,2,11,3.367581450851958
4,5,12,69.07127741228072
22,7,9,6.184271616541352
18,6,7,15.113186994010382
7,1,7,6.541357552581261
10,3,7,17.069118439919738
6,3,7,73.90301787592007
17,4,7,5.901393770729285
0,4,5,5.92064023164162
16,5,4,2.6060891775770485
3,5,3,4.7230063965884845
21,7,12,7.252394796896381
14,7,9,4.52476898981989
12,7,7,7.612295011313404
17,6,4,6.061748862295642
8,7,3,15.154606999426276
0,4,2,5.120983222785799
22,2,11,3.615469446879885
17,5,11,4.347120877529576
9,1,11,4.646571681024976
18,5,9,11.767101619408807
0,3,9,4.2210644845432945
9,6,7,17.86585649594005
4,1,7,14.379630415363998
19,1,8,3.809674952198852
16,7,4,2.7426700985867667
14,4,4,3.9990577895615456
13,6,3,2.539289018331333
2,1,11,3.000197023586686
14,3,12,3.0841888888889053
16,5,1,2.666145344346062
7,4,9,52.756863530196874
19,1,9,3.609243547378773
10,2,9,18.347047973019485
1,2,9,4.79489517920974
2,2,8,6.4874420103092625
11,2,8,4.3395272641062155
4,3,8,4.387729083665338
9,7,8,6.796459903381667
10,4,5,7.9312925131248395
14,4,5,11.233974336283175
12,5,5,6.215554501870285
22,1,4,4.08206265475293
23,3,3,3.497635831381734
4,2,2,4.59586345381526
6,6,11,52.217130092923504
14,6,12,3.38228817107339
22,1,12,3.879194652338006
23,7,5,3.147260101010079
1,1,5,3.4177327310785697
9,5,2,2.453798055006837
12,6,10,6.071095837298639
2,5,10,3.7114091298757037
20,4,12,3.066153304791498
1,3,7,4.923657973690293
4,4,7,39.386816143497754
0,6,1,4.324373040752361
16,5,3,7.2795223319228946
20,3,2,2.8302847256549732
0,6,10,3.458003450335093
12,1,10,3.35160301507539
23,4,12,3.713671604650263
6,3,2,5.133893884892084
13,1,9,8.275697921780411
15,5,7,12.98564649599169
13,6,7,8.942254396296176
12,2,4,16.61758866133865
15,5,2,2.5945387498488532
15,1,2,2.709178326125672
13,3,9,6.243736631936474
19,6,7,5.606698691869546
19,7,7,7.658521975467582
19,2,8,5.611256660599012
16,1,4,2.9013044590877
23,5,3,3.403714525206569
22,3,2,3.44974215013516
20,5,2,2.8502620051914165
7,1,2,35.18546732255798
4,1,1,3.915683333333335
16,7,11,9.778327689082397
11,7,6,17.304970878498597
12,2,8,3.2412380777696193
6,2,4,227.79014414414416
10,2,3,6.0870690735151864
5,2,1,4.747227722772279
21,4,1,3.0082784887263854
