hour,day_of_week,month,avg_fare_amount
21,5,6,12.410683648074999
13,5,7,12.828390379948647
15,1,7,13.89020140822017
22,7,5,12.00005087076082
18,5,5,14.1468943185165
13,2,2,11.440242333861434
13,5,2,12.192348902032922
6,7,2,19.942632719393302
3,1,10,12.22260765997218
14,6,11,14.215274329645721
20,4,9,12.421527431738616
19,4,7,12.811979463975037
20,6,8,13.057566624250295
16,5,5,13.405900166918519
17,4,4,12.649960387695042
3,2,3,17.279985486211906
1,5,3,15.354974039460032
5,4,2,19.790165631469975
22,5,2,12.301111301663518
9,2,10,14.950821339607163
10,3,10,13.153225013008107
20,3,12,12.974732769908393
4,1,9,12.693291195983626
5,2,9,16.648506815365565
20,3,5,12.022954571592972
13,5,4,12.209576529989189
3,1,4,12.642714675624587
19,2,2,11.423618257261355
3,3,1,16.21996932515337
13,6,10,13.74006773892161
13,1,11,14.369546431904059
22,1,11,15.026669136506232
5,3,12,22.057325023969312
11,6,6,12.442345623162232
1,2,6,17.430504068990707
7,2,6,21.150878007598106
21,5,7,12.949896633564553
6,6,5,22.47488243430156
22,3,4,11.758286749482439
9,2,2,11.730974187277178
4,3,2,17.065628742514964
13,7,2,10.96560837028836
0,1,1,14.413829936753297
9,7,10,16.202802409020975
0,1,12,13.358546029442373
19,5,9,15.088651351729895
7,3,8,20.922752394988873
10,4,4,12.129442523768448
13,5,1,11.601924963542421
6,3,3,18.942842234499725
12,4,3,11.770929570670662
23,7,1,14.025721618357476
11,2,11,14.034859559471485
14,1,11,14.893587774294785
8,4,9,15.72029870271456
4,6,9,14.80578387325605
7,3,9,21.09843466424677
17,3,9,14.54920802820734
2,2,6,19.642688679245268
6,3,8,22.732595041322327
13,2,4,12.386392319054785
22,7,3,12.292722118876812
4,3,10,17.12404518950439
10,3,11,13.381047498163005
21,7,11,13.276308519375904
5,6,12,19.35680116321334
2,1,7,13.897557043115397
5,2,8,17.703240823634747
12,6,5,12.496061402527783
9,2,1,11.329045571797021
1,5,10,14.021235779472534
12,1,11,13.599501865262399
14,6,9,14.684123633454941
17,7,6,13.222685200064324
10,5,7,12.879902606186434
17,7,7,13.908285349388896
16,1,8,15.234961230005965
5,4,8,17.23650000000002
11,3,5,12.155469495716241
2,4,5,15.655838468309842
19,4,5,13.363264556467465
19,2,3,11.433857114876217
20,6,3,11.619947477400208
8,1,3,15.992078774617065
7,7,1,15.055960912052134
12,2,1,11.407500208803095
1,5,1,15.474495934959371
1,6,12,14.117371634213875
5,2,12,23.861167127071806
22,2,2,14.843892846082351
19,1,7,14.083815294178393
8,3,7,16.01627622377617
3,1,8,13.24213450485591
3,3,8,17.65738226696974
16,6,5,13.643772072536937
4,4,3,17.964096638655473
0,2,2,16.389504827156603
17,3,1,11.975748285322478
3,3,10,18.130133276010277
13,4,11,14.083025555000457
6,3,9,21.435871459695026
7,1,6,21.788841634023463
10,4,7,12.953496743036983
6,5,8,21.734445371142623
14,1,3,11.554650567968205
15,2,2,11.950762360964575
20,3,1,11.530241142252741
5,7,10,12.575783839779177
23,5,12,14.124033118675381
17,2,6,13.18374044616886
11,2,3,12.052725391499003
9,3,3,11.410567693304342
12,6,3,11.815670735373864
8,1,2,14.461570038087187
9,4,11,13.275537737573279
8,1,11,19.348254486133715
20,5,9,13.926006012397378
8,3,6,15.344978455805254
20,5,6,13.09767564442637
0,5,7,13.717898384475792
20,4,7,12.14072334200269
3,2,8,19.92568400770708
10,2,5,12.76817630544646
20,4,4,11.656015929430975
4,1,2,13.02975609756097
3,6,1,14.492006056018178
7,6,11,18.171650714384747
8,5,5,15.275452302631539
10,1,10,15.48154188220357
19,4,12,13.392389703031826
0,7,12,13.688226247278621
8,7,8,20.444039051603863
7,2,3,14.568072887907169
8,6,3,12.285565535595405
6,7,3,22.226158868335183
1,7,10,13.54296778231668
0,6,11,13.550510564308073
20,7,6,12.953934566250792
11,2,7,13.627237394279913
1,3,2,18.425374707259977
12,3,5,12.306660669501808
12,5,1,11.760568389914154
3,4,3,17.00117985611511
19,4,3,11.336476097940253
23,2,2,16.590320297951557
17,6,1,12.071695989138506
18,2,11,13.940055503459268
23,4,6,12.390059295861702
0,5,6,13.277185422602145
8,6,6,16.429257107918033
21,6,7,12.456387309629845
6,1,8,16.85967571791358
7,2,8,24.403723582690276
7,7,5,22.023084175084207
0,2,5,15.828172978027203
19,3,5,12.534560028083442
15,4,5,12.304197270418195
4,2,3,18.341884700665187
7,3,3,14.105196172248759
18,1,3,12.441759776536387
0,1,2,13.011788933789191
18,6,1,12.216434772740255
19,3,1,11.046046045302697
22,7,12,13.433954987110944
9,6,6,14.011829462861213
10,1,6,15.102762968874655
22,5,7,12.78343939152605
17,3,7,13.240709817037274
16,4,4,12.342508133932059
22,4,4,11.476004156053133
15,4,3,11.65482542094969
17,6,3,13.139023681970796
7,7,3,15.84039423076924
8,6,10,18.23577453607247
16,7,1,11.443178978102258
10,7,6,13.166185344827555
6,4,8,22.30869167429095
6,7,4,17.54757433489828
2,3,3,18.059586016559354
9,1,3,14.055777037261386
15,7,12,14.190558742632692
20,6,6,13.211743946419427
16,1,7,14.273295307902844
3,4,7,16.9499783616692
23,3,5,12.50834788448628
1,3,4,16.562602858380213
7,5,3,13.87384420642648
9,6,3,11.489006148282186
0,1,3,12.484217603911958
10,1,3,12.96851188157377
8,3,2,11.899654245101729
5,5,2,15.912686915887834
7,3,6,19.35665354330706
20,2,8,12.804002599935131
10,7,8,15.89905499199143
9,7,5,15.779741028486844
23,1,5,14.638249411407383
17,2,5,13.071311236115214
1,4,5,14.348803079513997
21,2,3,11.708593373224945
0,4,3,14.325890688259074
23,4,3,12.595337710025579
16,4,12,15.105569616808006
5,5,9,18.620936195587362
13,7,9,12.681091499090556
13,6,1,11.588611560981754
1,2,8,18.84829575526639
23,4,8,12.803830315939125
4,7,5,12.93767959313412
7,7,12,22.382389405466277
12,5,6,12.555681546908612
20,6,7,12.678797308424096
5,3,8,19.139109004739353
15,5,4,12.41811720788655
7,3,4,18.98263191763192
10,4,3,11.741256302744095
6,4,1,17.76188679245286
3,6,10,13.464758640388556
16,1,10,15.061935378162373
4,1,10,12.402752898252428
18,4,10,14.841026485522258
9,6,11,13.722748648648809
20,3,9,12.260555407919336
1,3,6,16.20919195862201
13,5,6,12.50719962114383
1,6,8,14.739093443058358
3,7,8,13.395066266961376
1,7,3,13.284888438133875
3,7,10,12.508774705413106
11,1,11,13.754027870280385
10,6,12,13.96580852017948
9,5,6,13.450667543316849
14,6,6,12.91416655789067
1,7,7,13.937961632918007
21,7,3,11.577304129972722
8,5,2,12.052810822417777
21,1,2,13.483344319167369
14,4,1,11.319090603349794
21,4,10,12.062211777452116
15,2,11,14.742409759358297
0,7,1,14.463861194029818
4,3,6,19.7806884970613
21,1,8,14.448943288657889
20,2,4,11.772734321789773
5,7,3,15.622677165354332
16,6,2,12.45902810174402
17,7,10,13.960792149917237
6,6,9,22.113105263157816
13,1,7,13.099527789101895
5,7,5,13.72702956989248
20,1,5,13.052284638908601
1,3,5,15.874103375527389
7,4,3,14.050802089162433
11,6,3,11.72868331295463
20,1,3,13.066074199323618
14,3,2,11.768287177964355
20,2,11,12.697156497304833
12,4,11,13.945839665653581
17,2,12,15.221249471540075
7,5,9,22.157729676140043
17,7,9,14.030656897618412
2,2,9,17.87270164787507
18,7,6,13.252267991471983
15,6,3,12.300367650634769
18,4,1,11.434451865647745
6,7,10,15.072540663630377
3,5,1,14.277738419618531
6,4,11,21.572957555178235
18,4,12,14.402728922575946
8,4,6,15.000492565055724
16,7,6,12.997660255095818
23,5,7,13.076109776865735
11,6,5,12.429091021748668
1,2,4,17.709276253547745
2,2,2,17.499107913669064
15,5,11,15.402325118517826
3,5,7,15.045578542658332
5,4,7,20.160823529411765
20,6,4,12.257518973556246
9,6,4,12.98004089631083
6,3,4,22.148541226215652
18,7,3,12.356178298410661
15,1,3,11.989874895746558
19,1,1,13.443716188524538
16,5,7,13.534612850580348
9,1,7,19.41383923705718
13,4,5,12.122989432965516
11,5,4,11.817204270597196
9,7,1,12.260594934223386
0,2,11,17.957987023263243
8,2,11,15.098231750364995
13,6,11,14.018766671836296
9,1,6,18.012416974169696
12,5,7,12.681265011076208
19,2,7,13.201477359612726
20,2,7,12.503022488389266
2,3,7,20.069697204968904
9,4,7,13.814868940470673
18,4,7,13.694891349690957
1,4,11,13.646340817501414
18,6,11,13.970084156718608
13,5,11,14.824479071066708
6,5,9,22.605329341317358
22,7,6,12.62500000000006
11,3,7,12.559739875053955
13,5,5,12.524668147176225
18,5,4,13.535321047028326
5,6,3,16.529463806970497
16,3,1,11.99868625485538
20,5,1,11.337318485523353
9,5,7,13.711228838107644
5,2,5,18.302910216718285
2,7,4,13.252340569877862
3,4,4,17.058464528668612
16,2,2,12.076880468812817
13,1,1,10.959551706571538
14,5,11,15.204826552462611
5,6,11,20.173076538269083
21,2,4,11.697433880374385
18,2,3,12.030254707584431
18,5,2,13.031495053133206
8,6,1,11.551700263978814
16,1,1,12.254238458742334
4,2,1,16.191893203883495
15,4,12,14.7729224014186
17,7,1,11.70437624359366
3,3,9,16.18052631578944
1,5,6,14.106264794066627
16,6,6,14.059331261555519
9,3,7,13.715452910399053
10,6,8,13.710850007095363
17,6,5,14.1086458253323
20,6,5,12.490095060444185
3,6,5,15.128306188925055
12,5,12,14.019083393242367
20,1,9,51.829848110531145
18,5,6,14.829952068714363
13,6,6,12.500436394350405
5,2,6,18.334053452115825
11,1,8,15.695307506053437
12,5,4,12.007613238855617
22,2,4,12.243942412169531
22,5,3,11.867440417890943
6,6,10,18.84857573473998
17,6,10,15.229226791629317
4,7,12,12.553978812899159
10,2,12,13.796090376392472
6,5,6,21.465934065934096
6,6,6,20.99667203867852
20,5,7,13.33857497282091
17,5,7,14.13370467571655
0,5,5,12.869294348965997
18,7,4,12.699639986018926
6,7,1,20.42397170837871
18,3,1,11.763423968459032
20,4,10,12.736084674395903
10,3,12,13.119188632013069
5,5,8,15.45348631239937
22,6,4,11.93974915027054
21,4,2,11.630043232856934
8,4,10,15.484795739348336
21,7,1,13.051132365096198
17,6,12,14.71787991930392
23,6,12,13.876896475690053
1,6,1,15.10557170923377
0,6,7,13.897659766404084
8,1,8,23.937501929508546
20,7,8,12.961065606204603
23,4,1,12.889793786823752
9,4,9,13.850523975355188
5,6,9,16.856606606606544
13,2,7,13.06907980187131
12,1,8,14.141390585948546
12,4,8,12.714120560701488
7,1,5,22.012273879966205
3,6,4,15.253318129988596
5,6,1,15.899937597503902
14,1,10,13.884814287563236
23,5,6,12.789811127379267
16,6,8,14.659361257830884
4,4,5,16.354552980132464
13,1,4,11.627480432060121
18,2,4,12.911646648392862
19,5,2,11.656101506544914
6,3,12,21.860747553816
6,7,12,24.287749181094952
16,1,9,16.089977020298868
12,4,6,12.395948109092341
7,4,6,19.36309577677221
21,2,6,11.630258798696886
3,7,7,13.303612365895082
21,5,5,12.016492082291597
3,3,3,18.753420245398782
11,4,2,12.235849875930686
13,1,10,13.411142846773767
6,4,12,20.10395370088328
12,3,9,13.155032258064674
4,6,6,14.118510209951094
3,1,7,13.577124808230428
23,1,7,15.149256685299994
14,2,5,12.27746497751657
22,5,4,11.911449524020425
21,1,4,13.655809039326988
9,4,10,13.46740576112702
20,5,12,13.50478022466591
2,5,7,15.788468121934928
13,7,7,12.388562564171346
2,6,2,16.38523809523811
3,1,1,14.349185317815575
19,2,10,13.124815004612175
21,2,10,12.372060350421883
23,5,10,13.485902617254537
22,6,11,12.96528664916346
5,5,1,16.465300261096598
16,3,9,14.118550818609288
17,4,6,13.471704867674957
3,6,6,14.632114472608343
15,7,7,13.27064558334281
11,4,8,12.537723190420309
21,4,5,11.543789356127393
6,5,3,18.713438113948936
9,6,10,14.810493225757567
16,6,10,14.541630742434108
23,4,10,13.04385415430861
3,4,9,14.10380210949267
14,3,7,12.651954422893017
1,3,8,16.55695361746186
8,4,8,15.702565770026567
16,4,8,13.392094287256333
17,4,5,13.324429964915117
4,3,4,18.585020491803274
6,4,4,21.464301075268825
18,2,1,12.174331977818923
16,4,1,11.704151916961745
8,1,10,22.007050505050422
7,6,12,18.816743447180357
20,7,9,13.326611215550088
7,1,9,22.186033772652337
21,1,6,13.320643572860034
15,2,7,13.133186232093157
23,3,10,12.767312940538684
4,3,11,16.90736654804273
2,1,12,12.549213544511389
3,1,9,12.79470504619778
18,3,9,14.447959167891225
22,5,6,12.455672251549293
9,3,8,14.104271014299188
8,6,8,17.247603292702195
4,1,4,13.413454987834557
17,2,4,12.954567550952971
11,2,2,11.90696272386495
11,7,2,10.948768497368095
15,1,1,11.903551856966448
17,1,10,15.24605006307691
5,7,11,15.058218318695012
6,1,11,23.75338399189456
21,3,9,12.171831872417746
14,3,6,12.563646892939998
1,5,7,14.478919442534952
5,6,4,17.601301115241636
18,2,2,11.948412072286876
18,5,10,15.524294503143029
20,3,11,12.6092581640859
15,6,6,13.211258710801445
13,7,8,12.651168926970552
16,4,5,12.70182601434714
21,7,4,11.96381155723163
13,5,3,32.67590253184557
14,1,1,11.349877611474978
20,4,1,11.199583976833932
4,7,10,12.076107981783554
9,3,11,13.515440163847762
20,4,11,12.677388647126694
21,1,5,13.301578334981741
0,7,3,12.595506537484702
4,3,1,17.59599156118143
21,3,10,11.650127968247553
22,3,10,12.311776310290192
10,1,12,14.49686817800177
22,3,12,13.136593793735907
22,3,9,12.692692852249452
21,4,6,11.839955396425713
18,6,6,14.943184105431362
0,1,8,13.837602561883507
4,5,5,17.360516431924896
6,6,4,18.323145695364243
0,4,4,12.637067332708913
17,7,3,11.953025090391227
11,7,10,12.410010635469392
18,1,10,15.21621712051953
22,4,9,12.720269859093902
15,3,9,13.73730094158528
16,2,6,12.968788215234628
4,4,8,14.053161434977596
4,5,8,14.902267848810094
9,5,8,14.095041883062649
11,2,5,12.506980609418388
14,6,5,12.453854306474872
19,2,4,12.358984532285897
16,3,3,12.18982031732965
11,4,3,11.819805568280263
15,6,2,12.192420263721566
11,6,1,11.65984722421468
12,7,10,12.27444738556779
19,4,10,13.775274748135233
8,5,1,11.756465278613494
16,4,11,14.820875448683422
22,5,11,13.244284014127864
3,7,11,11.82462268666259
9,7,11,14.641419954040684
2,3,12,15.780139449541256
0,2,1,19.305692377086114
17,6,9,16.039778865959548
23,3,9,12.738756509777057
1,6,6,14.226755619914538
9,6,8,15.054641708101922
18,6,2,12.34364266461315
1,1,1,14.507026378896848
5,4,12,20.609222294232037
17,6,11,14.91392052980144
8,6,9,19.188961832061093
20,4,6,12.39704968860379
10,3,8,12.843321193444638
0,3,5,14.044547466253572
13,1,3,11.163468531468556
8,7,2,12.925749618320578
19,1,2,12.004900226088626
10,7,10,13.697088597343805
16,1,5,12.962421700685981
18,1,5,13.637791871602492
17,3,5,12.996724652681175
19,1,4,13.228047188755067
23,2,3,14.888239287869624
16,7,3,12.14108808005286
23,7,3,12.204339378238382
9,6,1,11.098526483472687
12,3,11,13.662659145598386
6,2,12,21.849070644718733
14,2,12,14.249689775117373
5,3,7,20.87789340101524
1,4,8,15.060936531096322
14,2,2,11.473477870544848
9,6,2,11.397078882823042
10,2,1,11.533079232238608
0,3,10,14.919612611338978
15,4,10,13.837674244410417
6,4,10,19.133143712574867
13,2,11,13.941361279716835
3,7,12,12.272419881608439
15,1,12,15.885417894564592
10,4,6,12.63028582480878
11,5,7,12.87614689313053
16,2,7,13.636256623941414
8,4,7,16.02665429716488
7,4,8,20.95945080091525
6,7,5,18.734426229508234
7,6,1,12.380101010100999
11,4,1,11.67598753558515
23,1,10,15.48016974917668
12,5,10,13.519230672848106
10,7,9,13.97353043277015
5,1,6,13.397582064297762
0,3,7,14.806986628462443
22,1,5,13.858700376097023
4,6,4,16.226332254584687
16,6,3,12.756367655447965
14,4,10,13.832708141674411
5,2,11,22.83130215497473
1,3,11,15.960103753042105
13,7,11,13.001169517014754
14,4,12,14.493544743701241
1,2,7,17.140219681685824
23,3,4,12.672627779621676
13,4,4,12.254375996598416
0,2,10,16.570337558962372
19,3,10,13.072839146966528
23,2,11,15.1061603920696
0,1,11,13.193220632856683
9,5,12,13.632514362230753
19,3,12,13.162726201696598
14,2,6,12.560754861017621
19,5,7,14.137316922904702
7,2,7,23.466209747606555
16,7,8,13.882281570727462
15,5,5,12.786639148381642
10,6,2,11.59298724254542
21,6,2,11.75800865354895
5,3,1,18.3745588235294
15,7,11,13.954271960693275
6,2,9,20.97645161290326
22,7,7,13.258554674992157
8,1,7,22.330879858657198
15,7,8,13.364525142337813
23,7,8,13.494074113400075
12,1,3,11.451532091097246
22,6,2,12.247999733475442
0,7,10,13.529468791094693
4,5,10,13.692075326671759
14,2,11,14.126981067976265
20,5,11,12.685873935149433
14,1,9,14.532144600664086
11,4,7,12.78600852199813
3,3,4,20.05809808612441
19,3,4,12.702306794198336
6,4,3,18.753152709359636
3,4,1,17.298378378378377
7,5,10,20.368164005805472
4,7,11,12.635374266988569
18,1,12,16.61419652435107
17,4,9,14.27420018108018
14,7,6,12.306981985902041
6,6,7,20.88318319838053
10,7,7,14.98067737587057
8,3,8,16.51000715990454
22,4,8,12.610206604031873
17,6,8,15.0691942543373
9,5,3,11.704681926887668
8,2,2,11.833381362568442
0,7,2,13.087908121410956
11,2,1,11.755689289051178
23,3,1,14.80113823529409
0,4,10,13.317055630234885
11,5,10,13.38172533105527
12,6,11,13.61880082119003
20,7,11,13.473197153647039
16,7,12,14.574550820881832
20,1,12,15.048837520440111
3,2,12,17.10691449814127
12,7,8,12.965992657057495
9,4,5,12.795355771587328
10,2,4,12.148789443488305
6,6,3,16.612201125175826
19,7,10,13.449253765813927
5,2,10,19.15331444759208
4,2,11,17.872209178228392
11,6,11,13.696645089285838
4,1,11,13.02266123399296
19,5,12,13.596454240287375
2,3,8,18.187247137404537
20,4,8,12.402297138640238
11,4,5,12.136346310474117
14,5,5,12.660232339089642
2,1,4,13.57512414800388
7,1,11,22.496675386444647
3,6,9,14.679691214844816
9,7,6,16.077298076923075
4,6,5,15.48468285043071
19,5,4,12.891122473246254
7,1,4,23.672500000000017
18,3,2,11.880307493891012
4,4,1,18.486953125000003
23,6,10,13.323550033015357
12,2,10,13.674433606195871
23,6,11,13.424015338369125
12,7,12,12.52464940043698
23,3,12,14.053136910465406
10,6,9,14.740847508746766
9,3,9,14.260269267756733
22,4,6,12.071919187975814
23,1,6,14.434921039225745
7,6,8,20.645836148648595
19,1,5,13.216825362662021
18,1,4,12.78082681115798
4,2,4,19.69828846153846
6,1,2,20.239188712522065
16,5,12,15.380462940688817
20,6,9,13.689152283590142
23,6,9,13.649195609141747
14,5,6,12.939435480543098
21,1,7,13.946839053254516
0,4,7,14.079209939901542
3,6,3,16.367973421926916
21,6,3,11.719793635353012
9,4,12,13.344702925045894
19,1,12,15.252502544647117
16,7,9,13.80273911109326
22,3,6,12.20629856329171
12,6,7,13.104974516696025
11,5,5,12.26758211521936
7,6,3,13.581859605911292
6,4,2,17.83307863501487
22,1,2,14.651713459950411
13,2,10,13.698352208380614
8,1,6,22.253171390013488
10,1,7,17.103435748792258
23,2,5,13.514997622444199
10,1,4,13.598795585412647
1,3,3,17.75326497788497
8,5,3,12.012515049484698
21,5,3,11.521825852782738
12,6,1,11.487255074424954
1,3,10,15.578437606064163
8,5,12,14.50951222240887
13,6,8,12.920004037345574
5,7,4,14.366839872746558
1,4,4,14.985065654168631
13,4,12,14.055688250428911
19,7,9,13.693067517853386
16,3,6,12.962007372362411
12,7,6,12.07249652756811
20,4,2,11.755638426626401
8,3,1,11.546887992174073
7,4,10,18.620326311441513
14,3,11,14.025292498865296
13,4,9,12.904799520157141
12,2,9,13.810571857285904
22,2,9,13.572895192156544
10,2,6,12.821023812198192
18,1,8,15.253884838039832
12,3,3,12.01473948244191
9,3,2,11.684572342126245
12,7,1,10.923951375245547
23,1,1,18.259603884487575
7,3,1,12.974082633053223
19,4,11,13.2242620447212
9,1,9,19.05690577507594
17,6,6,14.571874951030395
20,7,7,12.846547371945226
4,3,7,17.731232114467414
23,4,7,12.914900977688736
15,1,8,14.70933743426017
0,7,4,12.57189556293389
11,1,3,12.07843953704929
10,7,2,11.33096027818635
19,6,1,11.662127938894944
15,1,11,15.582986432315854
8,6,7,16.86885406218655
16,7,7,13.47870854963462
22,5,1,13.145828014184382
16,3,8,13.485234598388496
8,7,5,20.273981788079404
3,4,5,18.071630498533732
14,4,11,14.207636944666474
7,1,12,21.737609027142376
4,7,7,12.944292608812365
7,4,7,20.747474523703954
15,6,8,14.118520408163434
23,6,8,13.503245709751173
22,7,4,12.295031580263931
17,1,3,12.251337982131234
16,4,2,12.472622924129103
5,1,2,16.59439393939394
12,4,12,13.804393044511277
21,4,12,13.01993496155287
9,7,12,14.689102681641044
17,5,6,14.155932800234835
15,7,5,11.89445348502311
13,5,10,13.777909748152968
2,4,11,13.72526974006863
1,7,9,13.790606046336608
14,2,9,14.321934641786878
19,7,6,13.218348877767697
6,5,7,23.03337116154873
23,7,7,13.05039436739568
8,1,1,14.652412347560961
2,2,5,18.242982880161073
0,6,5,13.37243690582047
5,1,4,13.960861486486486
18,5,3,12.299184639663478
20,5,3,11.068469915097896
4,5,2,15.618015873015874
17,6,2,12.894407296615794
23,6,2,12.338283973187064
3,7,2,13.293500432152133
15,6,1,11.904914026170735
2,1,10,12.8115824665678
1,6,11,13.875336726703358
14,3,1,11.558979156634877
21,5,9,13.192939926036074
9,7,9,16.925367609254447
18,3,6,13.746390942411743
17,1,6,14.581525663544214
1,1,8,14.057283149367745
14,3,3,11.859315428469765
14,6,2,11.947145234866388
15,7,2,11.683310597448619
10,4,1,11.534803632597749
23,7,10,12.96919415660569
19,3,11,13.02132102369096
15,6,11,14.678655805869013
10,7,11,12.946225986620128
13,6,12,14.158079298127308
20,1,8,14.451564470161664
10,5,1,11.239091120769908
7,2,5,20.138304701627472
12,3,4,12.45152385838906
20,3,10,12.293204447037976
12,5,11,14.3508790743018
18,1,11,16.69814878187904
9,3,12,13.626672182690859
10,1,9,16.415329885378753
19,3,9,13.438428446618987
15,2,6,12.569379195348334
8,5,7,16.004280022766096
11,6,8,13.125178472691681
22,4,5,11.80972074388574
16,6,4,12.624400685495983
23,7,4,12.73559173719698
12,3,2,11.9650391436332
20,7,1,12.473390235273342
7,6,10,21.890768450418385
21,7,10,12.985074222936927
14,2,10,14.117424144330917
18,3,10,14.238008023784888
4,6,12,15.45425858951172
0,2,12,18.07828360603152
1,3,12,16.85321923669345
5,3,6,20.92517509727629
11,7,7,12.87963499011588
0,2,7,15.533251705440026
14,7,8,13.394958264583245
11,3,4,12.274286229488615
0,5,4,13.063427230046958
20,6,2,11.329804941482552
12,2,11,13.835172354714993
0,3,11,15.648191048487474
19,6,11,13.126731236250516
20,6,11,12.813927233815008
4,5,11,14.724693504117122
18,7,9,14.012129245749616
22,1,6,14.108600439077978
0,6,8,14.107849931787358
5,4,5,17.251432291666664
22,6,5,12.028745094041582
13,5,12,14.245586276426843
1,5,9,14.953855574889737
2,5,9,15.461503239740987
6,7,9,15.509840319361224
17,1,9,15.75678762107266
21,2,9,12.937788127773748
8,7,7,20.10517939282419
10,4,8,12.711668912979933
23,4,5,12.558398123755108
0,3,3,16.085631167763104
8,4,3,12.392669453025583
20,2,2,11.225975036710691
5,6,2,17.974323725055417
19,6,2,11.604233820230988
3,4,11,13.625904669260708
6,1,12,23.937874837027344
11,7,9,13.227970440347546
23,1,9,15.095343578633942
4,3,9,15.75017817371938
14,4,6,12.660216704141888
12,1,5,12.32754102647926
3,1,5,12.798737976958012
11,1,4,12.566784107945974
1,1,3,13.194625128380673
22,4,12,13.071403253393568
10,7,12,13.036253327728828
4,2,9,15.378895705521414
0,2,6,15.594051378110844
19,2,6,12.771927407350928
15,3,8,12.977776155210341
18,4,5,13.654157151885533
15,6,4,12.34322799011238
7,7,4,21.656039024390285
18,4,2,12.281261125945885
16,6,1,11.942208435403222
21,6,1,12.301195430897968
18,2,10,14.58560325822972
11,3,9,13.052928713986102
14,1,7,13.476853046182304
2,5,5,14.34228517951335
18,3,3,12.153199214506708
10,7,3,11.354238148285619
7,5,12,16.88710864745029
8,2,12,15.10790613440214
18,3,12,14.354703450632135
8,1,9,22.55813745908945
16,1,6,13.803640052804086
18,7,7,13.851652642698557
8,2,4,16.027077222123953
15,7,3,11.972134326723031
1,6,2,16.30609133646744
15,3,2,11.959364088948057
8,6,2,12.056575825208444
19,7,2,11.373026767330192
19,1,10,14.703172998265863
20,7,12,14.220270922538075
1,6,9,14.486137045247311
0,7,7,13.370432180851253
6,1,7,16.69811544011536
11,7,5,11.680049825610382
19,6,5,13.349994326348504
14,5,4,12.16242338273194
8,6,4,14.795444094488161
19,6,4,12.931527730865492
17,1,4,12.746918133915992
23,1,4,15.487296148074005
4,4,4,17.397386138613864
6,6,2,17.828440629470684
18,1,1,13.357386985436557
3,1,12,12.44755661749424
9,6,9,15.719246309825781
0,2,9,16.171592753052508
9,4,6,13.113859914183879
18,4,6,14.027090947920888
7,6,6,20.700422842197007
23,5,8,13.20967135432598
5,5,3,19.909162790697675
17,1,1,12.106332909594027
15,2,10,14.138677523874623
11,7,11,12.580591896066252
15,6,12,14.944582212606825
21,6,12,13.172788668752284
13,2,1,11.350293980037426
14,3,9,13.628204010849895
6,6,8,20.115417376490615
17,2,3,12.375685324977608
2,7,1,14.700293715847002
16,2,10,14.451724070679207
3,5,11,12.843240579710113
22,4,11,13.096463366336687
4,6,11,14.796656879194602
17,5,12,15.564633811674417
11,5,9,13.86263272697354
19,3,6,13.048981082270197
15,6,7,13.934955861071026
22,2,8,13.713600684215647
10,5,8,12.993259966048294
21,3,5,11.577548326261272
23,4,11,13.677733362050544
10,1,11,14.621600993720389
11,1,1,11.823125702159464
4,3,12,17.31904942965779
9,7,2,11.853945046129123
2,4,8,15.904174672489019
19,4,2,11.46732310988345
2,2,1,17.263177419354843
5,5,11,20.1919633657699
3,6,12,13.291543132702227
19,6,9,15.093822897315519
11,1,7,14.552404594294137
8,2,8,17.909102950030178
15,1,5,12.476286275365572
20,4,5,12.086228417199768
8,4,5,14.798726242080647
9,7,4,14.79437087839618
2,2,4,20.15443552196501
19,4,4,12.641443923827635
2,4,3,16.030161883738053
14,6,3,11.946886396257662
23,1,2,15.821830875122863
18,7,1,12.222385284810168
15,6,10,14.19522246716564
6,3,11,21.431707769822278
2,6,6,14.702812249799898
21,7,6,12.432372255284246
4,6,8,13.396523729221835
12,2,5,12.67054503464216
14,2,4,12.527145579268424
4,4,2,15.544304347826081
15,4,2,12.471486347104035
16,3,11,14.729858369745047
1,2,12,17.75639408682631
8,7,9,21.055330948121608
3,5,6,15.378852284803381
3,7,6,13.001606401384109
4,2,5,17.4580694980695
15,2,3,12.016106063996608
5,4,3,21.259446428571454
1,2,2,18.317291268323782
6,2,10,22.653142857142885
3,2,2,16.702602040816323
1,1,12,13.121386515887309
4,4,6,16.370959302325595
2,7,5,13.55277323521402
14,4,3,11.789328328896412
17,2,2,12.15551035168607
4,7,2,14.197517241379309
1,1,2,13.065727554179535
8,7,1,13.164937034916962
9,1,10,18.26760547793608
8,3,10,16.096970907728732
9,5,10,14.056588921282987
8,6,12,15.212716624329813
8,7,6,19.182631426920857
13,3,4,12.501560783058764
5,1,3,13.857047353760457
1,6,10,13.928797935400725
5,3,10,21.210362903225807
15,3,1,11.70879711406897
11,1,12,13.731591448931207
11,3,8,12.907243778085165
3,2,1,15.807882736156357
5,4,1,17.633350125944578
16,2,11,14.76207750751825
19,1,11,15.309090565721128
18,2,9,15.184813264248838
17,3,6,13.415299710382435
5,4,6,17.58785256410258
7,5,7,21.39306947227787
17,1,8,15.219664724976852
4,3,5,20.922996323529418
13,7,4,11.350844792501775
6,2,2,17.644251256281446
3,5,2,15.536941489361704
16,2,1,11.88472662523574
1,2,11,18.44627280734878
8,3,11,13.575535137050156
15,5,6,13.11247588807312
23,6,6,12.827036332802354
13,1,8,13.6013727488959
9,6,5,13.633577707125532
2,6,4,15.479942551505514
15,5,3,11.895689025835642
14,5,2,12.41053376248924
6,5,10,19.741059602649035
7,3,11,16.150797595550106
2,7,11,12.009573232323426
15,7,9,13.49638447146878
20,3,6,12.345726625161314
16,4,7,13.216013028810849
0,4,1,15.592988330796583
11,5,1,11.513530468633059
14,2,8,13.369776531932523
14,7,5,11.596095823648515
3,3,5,18.263921568627463
16,3,5,12.627971837844559
13,6,5,12.635394167353779
4,3,3,18.570605326876507
23,6,3,12.14686186857398
11,5,2,12.05802334225405
9,1,1,14.002328072153285
7,2,1,13.915286896183607
2,4,1,16.287971274685827
20,6,12,13.177809507175613
19,7,12,14.14421403146181
16,2,9,14.63044154307702
16,5,8,13.905037990149404
4,7,8,12.79041786153208
6,5,4,20.552753846153863
1,2,3,19.368631947143367
2,2,3,20.39982171799028
3,3,2,17.03885496183206
1,5,2,15.550719322990133
20,6,10,13.081685133573071
16,5,10,14.576843659797339
19,5,6,14.18319598787711
7,6,7,21.347421383647745
14,7,7,12.954461101160508
19,5,1,11.451550661358747
5,3,5,20.15505454545454
9,2,3,11.778653234358528
2,5,3,16.625477031802124
14,5,1,11.723044945250878
15,3,11,14.47209378121199
3,5,12,14.257078001218746
8,5,6,15.471079751049322
10,6,6,12.431947003154587
18,2,6,13.854041322314124
21,4,7,11.963088218725424
3,4,8,15.490023296447259
3,6,8,13.799074287359582
3,7,4,12.661272998508199
13,2,3,11.950320820157227
0,5,3,14.4476072041166
0,6,2,14.605598991172725
19,7,1,12.286944341510505
16,5,9,14.760426215593657
12,4,10,13.016813163300332
2,2,12,16.76302083333331
7,5,1,13.059071345029215
22,6,9,13.43424162728593
6,1,9,15.665213887166704
5,7,7,13.962496858507109
7,3,7,20.9446222014925
6,5,1,16.41663265306122
9,1,5,17.952405757368016
14,3,4,12.532984830686107
7,2,2,13.29503241741274
10,5,10,13.62509068481906
21,5,12,13.404274513867367
18,3,7,13.468973629067444
22,1,8,14.897097311581003
10,1,1,12.437137777777714
20,7,10,13.079635696501247
7,1,10,21.790093776641022
20,5,10,13.27323963457492
15,2,1,12.201087750741081
21,4,9,12.081435313551019
15,3,6,12.302698638553878
4,1,6,13.17229497426911
13,4,7,12.586076707030804
19,4,8,13.253964476514364
1,2,5,17.860153536370618
20,1,10,14.12298063840931
14,7,12,13.761492042976126
1,1,11,12.659575094657301
15,7,1,11.660171103799048
13,2,6,12.357745016407948
22,4,7,12.431752610664523
15,6,5,12.627939780941096
14,2,3,11.867426289320731
5,3,3,19.451359999999994
2,4,10,14.232164144887628
2,3,11,16.289850622406608
2,5,12,14.057371360866599
15,1,6,13.42900015005258
14,6,7,13.40177996789499
14,4,7,12.79488836567358
7,1,8,23.287469836763595
9,3,5,13.021906779661034
6,2,3,18.823466183574887
18,6,3,12.625646866230275
0,5,1,15.257598932859059
5,5,10,14.549276270006965
11,7,12,12.597033412260041
11,4,9,13.057825847341029
0,7,8,13.939686170479165
0,3,2,18.650971085651914
14,1,5,12.063558816888728
5,5,5,17.910367647058816
10,4,2,12.015659340659466
20,7,2,11.318087791282853
2,1,2,12.854358565737062
1,1,10,13.128175304674073
23,3,8,13.13540167703557
14,4,9,13.263101301830725
12,3,6,12.520635874474738
15,7,6,12.64582056341578
6,2,7,21.630514419329735
1,7,8,13.971990538960572
19,6,3,11.774975135522702
13,4,10,13.314675234880317
8,7,12,16.90935734974653
13,1,12,14.97069381986392
15,3,12,14.416269139223495
15,2,9,14.252836204079887
1,1,6,13.617463026166131
9,2,6,13.66665708353304
14,4,8,12.75628855553695
21,7,8,13.222695439396015
5,2,2,19.839070904645464
17,4,2,12.79462108064347
11,1,2,11.70365482975295
4,6,1,14.152851239669431
23,2,7,14.098936929789886
14,1,8,14.641194480166384
9,2,8,15.1627366645585
20,1,4,13.103314695227658
21,4,3,11.444773224043777
16,7,2,11.532546332046405
6,6,1,16.860481761871995
11,4,11,13.468278247502012
3,1,11,12.260683210053472
10,6,7,13.144216269841394
15,5,1,11.993775588915991
12,4,5,12.10074652153833
14,6,1,11.506784415584509
14,7,10,13.036466063208751
16,4,10,14.094024943703511
7,4,11,16.352942684063414
18,3,8,14.035753468653756
14,5,7,12.91944178939507
17,3,8,13.825060248505649
7,5,4,17.94834343434343
1,1,4,12.666891946580392
12,2,2,11.928051452606796
17,7,2,11.566103896103998
13,3,1,11.626852061782705
15,3,10,13.405450551238838
8,5,10,16.28769627372867
10,5,11,13.602075343132576
15,2,12,14.796815039373085
5,1,9,13.189504214179415
10,2,7,13.696845506984646
10,7,5,12.949145024132372
0,1,7,13.127658550396548
6,2,8,23.451140042223805
5,6,8,14.974947871416152
18,7,8,13.964404455869847
23,6,4,12.060974998576256
4,5,4,16.785434782608707
11,4,4,12.11337800145534
3,1,3,13.617285483000543
20,1,2,12.399997248589862
9,3,10,13.549095215253855
9,1,12,16.265632123673473
7,6,9,23.4966478076378
23,7,9,13.453129914061194
3,6,7,14.795915334665297
4,2,7,17.07798034398031
18,6,8,15.114271235125285
6,7,8,16.07719961004138
9,1,4,15.057876569037669
22,4,2,12.284645553002937
10,6,10,14.109370548763104
14,7,11,13.448208358529978
22,1,3,15.059244830686211
17,4,12,15.007945535330446
23,3,7,12.785294245385527
8,5,4,14.265030868628838
14,1,4,11.667400437346812
20,2,10,12.432338594946271
22,6,12,13.466807156623958
1,4,9,14.31161182413991
9,2,7,15.044716499902067
9,7,7,17.350545571245185
18,1,7,14.676225474930014
4,2,8,17.193007117437734
6,5,5,21.71577708006283
8,2,3,12.387411082813673
23,3,2,14.662414330218036
10,4,10,13.19967207239513
17,3,11,14.748740144896415
0,4,11,14.108397170352557
16,5,6,13.421157046090485
16,2,5,12.75510714285733
17,4,3,12.142775876120822
15,1,9,14.870359804550754
9,2,9,16.107549549549717
21,1,9,14.401246969537358
1,3,9,16.576903070702787
0,4,6,13.341035965188258
20,5,8,12.973266440678096
19,7,8,13.569431776009361
9,5,4,12.431660088052231
14,4,2,12.23351457502322
16,1,2,11.49698905573937
12,3,10,13.108571815840723
2,3,10,17.439664913306043
0,5,9,14.183512273565936
18,4,9,14.351704239670042
7,6,4,18.357007832898177
2,3,4,19.170128381476356
13,3,3,11.864226847130999
20,4,3,11.066391140433623
4,7,3,13.228926553672325
12,1,1,11.294933238923672
11,6,10,13.92234068394896
18,6,10,15.354095005684602
8,7,10,20.09412213740454
21,3,12,12.764880593554413
6,4,9,20.645889864325675
23,3,6,12.629576183862776
11,5,6,12.513227773406793
5,5,6,16.1365470852018
17,2,7,14.08025427350438
17,5,8,14.286588169014243
3,5,5,16.870369886858118
8,6,5,15.612009093970968
13,6,4,12.304719800747327
8,4,4,14.597480902469306
8,1,12,19.186418215233775
12,2,12,13.986800579736533
15,6,9,15.162268941072368
7,7,9,20.410664206641975
3,3,6,21.264977838390706
22,2,7,13.538832582582668
20,3,7,11.899783919434334
22,3,7,11.977129024207748
2,7,8,14.120826654887567
3,5,4,15.343636363636367
9,7,3,12.27395119225035
9,3,1,11.189386148160006
1,4,10,14.072792939895933
22,7,11,13.187072184564238
6,5,12,21.041487226277336
11,3,12,13.388231685473869
4,2,6,19.137177522349944
4,5,7,14.644688164422352
14,3,8,13.171799179458304
2,3,5,17.830474033816397
7,7,10,20.669265279583833
6,3,10,21.901295843520803
2,5,1,15.473111831442463
12,7,11,12.554959312145067
0,5,12,14.808644024252528
4,4,12,17.223344733242143
14,5,12,14.653575445311441
12,4,9,12.873675975516566
3,5,9,14.073064260214164
19,2,9,14.194576482506186
5,5,7,17.448235657001852
2,6,7,15.468949789799428
19,6,8,14.064595881311043
13,1,5,11.950218219248613
13,3,5,12.347276240846382
7,6,5,20.576213494461193
16,4,3,12.048023735607483
4,5,3,18.62491017964073
12,4,1,11.604709159795075
14,5,10,14.296832723103755
1,4,1,16.40340386384545
22,2,1,16.010879202988775
10,5,9,14.545223454833774
22,1,9,14.45995626994457
12,2,7,12.915875146541678
10,1,8,18.36183252772243
0,4,8,14.201312503961148
14,6,4,12.049332214503343
20,3,3,11.193020026840179
22,4,3,12.13985784975257
19,1,3,12.682455869751575
13,3,2,11.81740005922425
2,6,10,13.622532105787942
15,7,10,13.024683905429717
15,1,10,14.439679051279647
21,5,11,12.949131678297741
19,6,12,13.09891891891903
18,7,12,14.878166185805075
16,4,6,12.995984700231354
12,6,6,12.55736180124226
7,7,7,21.391491849751887
4,7,4,12.823803571428583
16,2,3,12.309443866944044
8,3,3,12.40555075982372
19,5,3,11.307640572270657
14,7,3,11.56256323587414
7,1,3,17.350488176964156
1,7,2,13.19753454098862
11,7,1,11.195982897484313
2,1,1,14.095556603773597
19,5,10,14.19861103649992
21,4,8,12.158274850415102
15,4,8,13.072368170726827
0,6,4,12.891883855810926
7,4,2,13.036544569129758
19,4,1,10.98558321132264
10,6,11,13.497865824480943
3,2,6,19.95186801675976
21,7,5,12.193095817402437
20,5,5,12.67820131629895
23,6,5,12.426044607901366
5,4,4,18.32015290519877
12,5,3,11.816173576950245
17,5,3,12.61931321280952
4,6,2,16.91582278481011
7,7,2,14.457197339246127
14,7,2,11.156053861855657
10,2,11,13.980880147778024
16,6,11,14.964381693935314
10,4,12,13.246281464097928
15,5,12,15.028851236497038
6,6,12,22.481714888487016
6,1,6,15.668426675299443
23,1,8,15.772256901187015
21,6,8,12.823287135612402
13,7,5,11.582586669010107
8,3,4,14.901688687782766
16,3,4,12.722733871331485
2,4,4,15.379677303693049
14,5,3,11.810818912731055
10,7,1,11.295170274551143
17,4,10,14.537324383285881
2,5,11,13.164760903836019
17,5,1,12.310527447508296
16,6,7,14.361004192588705
20,1,7,13.984148769518523
16,2,8,13.756728080866134
17,7,8,13.945247205503101
10,5,4,11.78921021081035
5,2,3,19.688884615384605
19,3,2,11.245855103497622
21,3,2,12.112089267361586
10,3,1,11.299611774065186
1,5,12,13.991282007365008
4,1,12,13.370561201944305
18,1,9,15.560600473459084
17,2,9,15.007430925836294
21,1,3,13.028774089270145
7,3,10,20.589183422240403
11,6,12,13.979523552540353
2,6,12,13.2886365115522
11,6,9,14.298124933090818
0,6,9,14.095087402671288
6,4,6,21.70755687438182
22,6,6,12.805584245486056
18,1,6,14.84738852549065
18,2,8,14.250876525203779
9,2,4,13.29991015698883
5,3,4,20.370948905109483
10,5,3,11.750177595628506
22,7,2,11.689746735259174
19,2,1,11.716179257815941
0,5,10,13.753089568907852
6,2,11,22.782150459603244
21,3,6,12.07193804606835
8,2,6,16.216883604505597
10,2,8,13.661052311743761
4,6,3,14.506999999999994
4,2,10,17.50009356725146
8,6,11,14.412798816995036
18,7,11,14.352689083695994
22,5,9,13.163951903807794
16,3,7,13.018254436690045
7,7,8,21.536848484848417
16,7,5,12.283549572889035
17,3,3,12.368286928614962
23,2,10,14.085792693288091
9,2,11,14.321318229795091
17,7,11,14.658685328503308
22,5,12,13.258174676197955
12,7,9,12.529482111437082
8,7,4,18.39859241126069
14,7,4,11.477842129605914
23,4,2,13.402193189119709
18,6,9,16.521390775549033
21,7,9,13.293818098755256
6,3,6,22.83476983349659
3,2,5,19.170081339712883
10,3,5,12.165715210737092
19,7,4,12.324086491262527
11,2,4,12.433191243500113
18,4,3,12.077617990214707
3,1,2,13.709688658265383
18,7,10,13.87320630497739
11,3,10,13.091099574623962
21,4,11,12.888031989666116
16,6,12,14.917584292290075
8,3,12,14.190387148129528
12,4,7,12.723594867999111
19,5,8,14.296242309343366
17,5,5,14.083835427581189
17,7,4,12.553629744685043
18,4,4,13.067573198715136
20,2,3,11.143654044855094
3,7,3,12.662887459807077
12,7,3,11.05435174418612
19,7,3,11.795297160466733
17,5,2,13.119229293252456
1,2,10,18.199798391202627
22,2,10,12.97823911212415
13,7,12,13.260384805333883
23,7,6,12.822456113801495
23,2,6,12.9697307641547
19,3,7,12.740058334548728
22,5,8,12.873416620396167
8,1,5,21.45655350553504
5,6,5,16.946063492063498
10,3,3,11.618069934676532
5,7,2,17.66877159309021
10,5,12,13.678021225607765
22,2,12,13.29881644223962
13,3,12,13.607234863396656
20,3,8,12.51426918425693
18,6,5,14.118354011917486
21,6,4,11.791567860367199
10,6,3,11.60211789038277
10,2,10,14.115971917037516
16,3,10,13.831163071298088
18,3,11,13.840233282237623
18,5,11,14.244219203684619
18,6,12,13.996343277275527
16,1,12,16.495025803424877
8,2,9,19.55075011296875
10,5,6,12.2589962481649
19,1,6,14.036995705986394
19,3,8,13.29302377197609
5,5,4,16.588348623853204
23,2,4,13.207220032459984
10,3,4,11.969259328825482
18,5,1,11.792418659107817
7,1,1,16.8499695493301
11,1,10,13.668880812276601
6,5,11,21.759607483492236
19,7,11,13.671814840689008
19,2,12,13.035284049259742
21,2,8,13.05690562440429
7,5,8,21.62888235294113
6,2,5,22.88995115995118
1,4,3,16.185990115321214
18,7,2,11.519228882833868
0,1,10,12.936835880984047
17,2,10,14.328485142964036
20,2,12,12.782915956151124
2,4,9,14.485625149414261
0,6,6,13.34755077593253
1,6,7,14.83407502180879
21,3,8,11.969749290877644
6,3,5,21.724218362282866
21,6,5,12.190221833505714
21,5,4,11.364487249968361
11,6,4,12.067485048624537
2,7,3,12.557091854419385
4,1,3,13.560995094604072
12,6,2,11.899004978564601
1,3,1,18.30618009478674
16,7,10,13.762866877229989
23,7,11,13.487049051521012
2,3,6,18.053036906854093
13,3,6,12.38218161724083
2,1,5,13.07737886479009
10,5,5,12.357357408650142
12,7,4,11.348858216394461
8,1,4,19.48773246329526
8,4,12,13.834020309638957
5,7,9,13.36319344008258
23,5,1,13.684516055045865
19,6,6,14.365691420501458
13,7,6,12.162910042557368
4,7,6,12.871430549146272
6,7,7,16.66844063265754
15,4,7,12.908627475247654
2,6,5,14.728644703361427
3,2,4,20.607583682008386
16,2,4,12.395839182843703
9,4,4,12.519341154387575
17,2,1,12.7780880053608
5,1,10,13.137819828973155
8,2,10,18.7722398612594
18,5,12,14.760597767761057
21,6,6,12.559384586676682
2,7,7,14.167671813165503
5,1,5,13.549035639412988
6,1,5,16.807516501650188
10,7,4,12.654251804330372
2,5,2,15.009375848032573
6,3,1,17.9331245225363
6,1,10,15.66559324811532
6,1,1,21.5214008941878
2,6,1,13.90563503649637
6,4,7,22.66250743310211
17,7,5,12.402123491838243
21,3,4,11.56660413714942
15,3,3,12.0025220963527
6,1,3,18.16867283950619
12,4,2,12.32893470112465
2,2,11,16.615838671411588
3,2,11,15.03007723427726
0,4,12,14.49289021956094
1,4,7,15.255200263256977
4,1,8,13.384209070333082
9,4,8,14.066223509802493
12,6,4,12.248543223804955
2,6,3,16.735678391959798
11,3,2,12.022631042392298
0,3,1,17.183458646616536
18,4,11,14.155666234666592
8,4,11,13.510920611040575
8,7,11,17.181796753043976
2,4,12,14.477869359159262
14,5,9,14.407576806577412
4,7,9,12.404235757088022
23,2,9,13.778354482434628
0,4,9,13.914402512774972
11,7,8,13.968670540588224
23,5,5,12.463787316835951
13,4,2,11.860326913330086
20,6,1,11.51728602051759
23,5,9,13.317329470922738
12,5,9,13.678063857649155
16,6,9,15.613247839308736
1,6,5,13.946195197380462
11,7,4,11.661155574130152
10,6,1,11.185729393468076
6,2,1,18.535996649916274
7,2,10,22.204556126192145
13,6,9,14.090479817920171
21,2,7,12.783576012934295
18,3,5,12.81903413749958
23,4,4,12.514705667008393
17,4,1,11.928879371417613
13,3,10,13.503719165927317
22,7,1,13.738751395089253
17,1,11,16.416320592355504
10,3,6,12.487044593663985
2,7,6,13.380391621750734
2,2,7,18.422261513157864
8,3,5,14.42228955069715
0,3,4,14.821842794759798
13,7,10,12.629008540533219
22,6,10,13.09097377956591
5,1,11,16.801745749307944
17,1,12,16.734698453715737
7,2,12,18.404949999999946
22,1,7,14.655190274841518
2,1,8,14.065662216001087
11,1,5,12.977964164648874
15,2,4,12.599971515982846
9,3,4,12.816847350284045
18,3,4,13.11306784382246
22,2,3,13.077980724024432
17,5,9,15.268947445598105
13,3,11,13.737664887255411
14,1,6,13.05254143362925
22,3,11,13.19369034493628
4,2,12,18.819150090415924
4,5,9,15.597818181818123
8,5,9,17.55284918641491
3,3,7,19.96738302934175
12,3,8,12.78944256338273
18,4,8,14.116056877221874
3,5,8,14.59377744510973
21,2,5,12.065420258107597
4,5,1,14.857782258064512
22,3,3,12.001797626833591
16,1,3,12.287757602929199
12,7,2,10.905363703159406
3,7,1,13.622249690976522
20,2,1,11.820146788990781
19,6,10,13.889312040532191
2,2,10,18.656235274031026
11,4,10,12.88211719086616
11,4,12,13.499746225053764
13,2,12,13.994969998723453
2,4,6,15.216767049291004
22,6,7,12.713806593570636
6,1,4,17.495385826771663
17,1,7,14.678037094281398
12,6,8,13.099592034445758
19,7,5,12.534535616726286
7,4,5,17.889717673630766
1,5,5,14.273531568228167
22,5,5,12.150335925864697
23,5,4,12.22814173024701
1,7,4,12.864371267283026
18,6,4,13.548593727827576
18,1,2,12.01708185369319
23,6,1,13.295179225744752
11,5,12,13.761991427287601
4,5,6,15.372156540777233
17,4,8,13.868661878882124
12,1,4,11.730896369904634
11,3,3,11.740470081030677
11,5,3,11.749442616845737
10,5,2,11.777387840986007
22,7,10,12.976801453604908
17,5,10,15.179496681059574
9,2,12,14.404842154676839
3,7,9,12.82587313906749
15,2,8,13.399030934103635
18,5,8,14.838587568428082
7,2,4,19.19315126050424
5,3,2,18.56889473684209
8,4,2,11.974519097036406
14,6,10,14.064141808674934
3,4,6,17.127568098848613
15,4,6,12.692253214765607
21,3,7,11.652152315255417
10,6,4,12.01437861435541
23,1,3,16.613927480916
2,3,1,17.861522491349493
19,4,9,13.261137804210158
8,5,8,16.479167391934986
20,5,4,11.772845758443571
6,5,2,16.719545454545486
23,2,1,17.102072856221753
22,4,1,12.658995064165826
19,2,11,12.58771445959117
12,2,3,11.983342096791636
14,2,1,11.639664176344436
23,4,9,13.375871466753287
12,1,9,13.375834998388795
2,5,6,14.513735710397365
0,1,6,13.320874485060264
12,2,6,12.474809236947861
2,5,8,15.621433286784265
18,7,5,12.576614300028703
10,1,5,14.25103894056436
2,7,2,13.313033992897017
21,2,1,14.087129308772521
4,6,10,12.9912337872892
5,6,10,13.667137921105658
1,5,11,14.140445089501783
15,5,9,14.269329187615899
8,3,9,16.375323322510763
11,4,6,12.364268593870259
3,7,5,12.864134549600895
0,1,4,12.232962385933714
1,2,1,19.52830888697153
8,2,1,12.036017429193851
5,1,12,16.339812705644096
16,3,12,14.849960568886596
5,6,6,14.900000000000004
7,7,6,19.056221294363265
2,1,6,13.460212924158476
1,5,4,13.991845389555298
3,4,2,15.730782608695645
21,6,10,12.788187848670747
21,2,12,12.658991463172628
17,3,12,14.792384511612713
21,7,7,12.974733692609322
23,2,8,14.542617259767212
17,3,4,12.899800544375662
12,4,4,12.405675462780774
21,5,2,11.567392937640847
5,7,1,19.2553767820774
4,4,11,17.62593301435408
2,6,11,12.659815827338102
9,5,9,14.883396269596304
2,1,9,13.08647055483011
22,6,8,13.232601689112222
4,1,5,13.203495811119554
0,2,4,16.60155632984896
5,2,4,24.74740061162079
2,7,10,13.31416532621937
15,5,10,14.42551104468918
14,1,2,11.10927419354834
17,2,8,14.1033947129805
5,1,8,13.777288490631818
2,6,8,14.637013913986493
0,1,5,12.715964245923296
22,2,5,12.999743323984926
2,3,2,16.87752192982456
23,5,2,13.500227677687565
21,3,1,12.589878736122945
12,6,12,13.788611986265098
7,2,9,24.17013572854279
14,2,7,12.981918047514553
15,4,4,12.093510504405216
11,6,2,11.79491791422592
9,4,1,11.012755580718178
23,1,12,16.40968247953935
16,4,9,13.78910813619425
3,2,9,15.60226121372027
5,2,7,16.15872500000001
0,3,8,15.244285898261579
9,2,5,13.969736658121727
20,1,1,14.020708985985102
21,6,11,13.243228857989648
16,1,11,16.158817546822306
20,1,11,14.798630149555104
12,3,12,13.60524272665775
19,4,6,13.423817175454028
15,2,5,12.463415747117034
15,3,7,12.636219780219877
13,3,7,12.598448151531286
9,1,2,13.26141872846849
13,1,2,11.008232958305719
14,1,12,14.972008240241387
2,6,9,14.875054858246498
1,1,9,13.701153324287858
7,3,5,18.867153284671545
9,5,5,13.329849598359306
15,7,4,31.71429694888228
0,2,3,18.2922416993194
16,5,2,12.637616729235262
8,5,11,14.199533975352006
9,6,12,14.17369965112603
11,2,12,13.840397790055338
5,3,9,16.122880921895018
0,3,6,14.223724307121113
12,1,7,13.670580513170341
1,5,8,15.119470415168554
8,2,5,16.59954532120849
7,5,5,19.375676567656743
20,7,3,11.656763009327515
1,7,11,12.95005458404949
3,6,11,12.73745846009827
21,1,11,14.515543483805237
1,4,12,15.050868421052742
5,7,12,15.8609761634506
6,2,6,23.73523545706373
21,5,1,12.2424596720437
14,6,8,13.960621980676462
1,7,5,13.058611446113416
15,3,5,12.270636322049564
14,3,5,12.135350449775235
16,3,2,11.986958862231814
7,4,1,12.684808978032471
22,4,10,12.763666818943262
22,5,10,12.832651097918651
23,3,11,14.002802722505997
21,1,12,14.570509524902546
9,5,1,10.873216328449411
12,5,2,12.482561037455742
10,1,2,11.858125126955054
11,3,1,11.668878438749125
21,1,10,14.138935616822147
5,3,11,23.112984395318616
13,7,1,11.097778160523692
13,3,8,12.852525589330154
21,3,3,11.22862473580648
21,1,1,14.958118279569872
15,4,11,14.866121447028531
7,3,12,16.55792057117353
0,1,9,13.504241889507416
9,3,6,13.222635692307728
0,7,6,13.169675981129158
13,1,6,12.458609506377615
1,1,7,14.047496020570762
17,1,5,13.3234458450822
2,5,4,15.530117969821648
1,6,4,14.0599078117419
7,3,2,13.031270522859272
1,4,2,17.08995888157895
11,2,10,13.881214761660813
7,2,11,18.06969264147547
0,5,11,13.940232177320421
5,1,1,16.51361990950226
21,2,2,12.988627999068218
11,2,9,14.222122343117544
13,2,9,13.834906623178625
3,1,6,13.130306753594144
12,3,7,12.629956352059223
22,6,1,12.816610520094514
3,4,10,13.455236421725212
3,5,10,13.552138164865411
23,1,11,16.771139747995505
3,3,12,15.11596807772381
15,4,9,13.27997301655215
11,3,6,12.286245945391173
7,5,6,19.592932400932384
12,1,6,12.676275151430769
18,2,5,13.015647601265226
19,3,3,11.468984329415774
13,6,2,11.79769097110507
23,7,2,12.20132957481793
12,3,1,11.667849608197761
4,4,10,13.496461352657015
3,3,11,16.03514047866806
7,7,11,21.36197346986265
7,4,12,16.416955898566787
16,2,12,15.066116477373338
0,7,9,13.849908926124185
13,4,8,12.468270683793085
12,7,5,11.60545963272851
13,2,5,12.369237746134818
7,4,4,18.35043665436657
10,3,2,11.787736720554202
7,6,2,12.458608582574746
10,4,11,13.337985963419968
23,7,12,13.934943130869902
20,2,9,13.493221489526892
20,2,5,12.073614624653976
21,4,4,11.218934908108753
13,4,3,11.76884997571008
21,5,10,12.699520526960852
2,7,12,12.438715143226363
10,3,9,13.828391642635815
6,7,6,16.78206400575329
5,6,7,16.437404371584673
3,2,7,17.24427127211457
21,5,8,12.671019277474313
22,7,8,13.35999660326106
11,7,3,11.145375841939776
2,1,3,12.724715409532628
3,6,2,15.673725961538459
15,4,1,11.491825828797722
11,3,11,13.369721623914973
17,4,11,14.801407125766243
7,5,11,17.198197916666633
5,5,12,21.286031656302974
17,7,12,15.189821918337474
1,4,6,14.397072931593677
11,2,6,12.693598321858932
23,6,7,13.039270653868341
19,2,5,12.628521848058464
1,6,3,15.152674772036464
17,3,2,12.196421822194798
5,4,10,15.106768361581935
21,3,11,13.131782827976009
0,6,12,14.562822099546034
12,1,12,13.623248997082513
23,2,12,14.462712937749439
11,1,9,14.091802607076488
22,2,6,12.176536976363263
0,2,8,17.166551458108522
10,6,5,12.594460778020348
17,5,4,13.126737557179089
2,4,2,17.555634517766514
3,2,10,18.123213251849446
1,7,12,13.02390176249654
18,2,12,14.322539763236382
12,6,9,14.141084037306621
11,6,7,13.26079583089822
17,6,7,14.673190123129983
13,5,8,12.666698072600434
0,7,5,12.731943435137051
22,3,5,11.587969739174511
20,7,4,12.272808453922364
15,1,4,11.982468411552384
15,3,4,12.532950614815729
21,2,11,13.070540779827954
5,4,11,21.384912663755475
11,5,11,13.64011643425844
23,5,11,13.7491998827669
10,4,9,13.382791381410614
8,2,7,17.394764056224847
15,5,8,13.49232164102578
19,5,5,13.729348767619596
10,2,2,11.72820846560839
21,7,2,11.629186147186115
8,4,1,11.652243127672508
14,7,1,11.031938029253359
5,4,9,16.11504986400727
2,3,9,18.19228388070966
1,7,6,13.548342569269593
2,4,7,16.5147067342505
11,5,8,12.936058551286317
20,3,4,11.802813599062192
22,6,3,11.962190535602867
0,5,2,15.48990711082636
12,1,2,11.29114191942048
0,7,11,13.386052979585218
1,7,1,14.754573643410826
22,3,8,12.546779337975199
2,7,9,13.749808187003866
5,7,6,13.130489811179627
11,1,6,13.300476932668321
20,1,6,13.764123574241799
4,6,7,14.402316058861123
18,2,7,14.062541259904666
0,5,8,13.903056808484902
9,4,3,11.792347953216467
9,4,2,11.940404928309112
17,1,2,11.794227053140101
13,4,1,11.197303512585071
14,3,10,13.474928642549031
6,7,11,22.639168407856218
3,4,12,14.116895715440567
0,3,12,15.419240772964672
13,5,9,14.026169119536233
21,6,9,13.442750681716367
18,5,7,14.98350338430692
13,2,8,13.075124460079358
14,5,8,13.252181190902226
5,7,8,13.43234334392138
6,4,5,21.449015151515155
4,7,1,13.753511904761895
22,1,1,16.979861049845574
22,3,1,13.641165990076647
19,5,11,13.094687138434724
9,5,11,13.878163222709416
16,5,11,15.546337842525253
4,4,9,13.857091334894617
13,4,6,12.305874720039867
20,2,6,12.026022765693758
5,1,7,13.814829101562438
9,1,8,20.430255033557003
12,5,8,12.848775092380007
20,7,5,12.315904019453674
0,6,3,13.685866115702442
13,7,3,11.267878247428902
7,5,2,12.882254530130634
22,1,10,14.500037208458231
17,3,10,14.102860528583822
17,2,11,14.904048676250202
4,5,12,16.31688048245614
22,7,9,13.430956937799197
18,6,7,14.852013756335237
7,1,7,22.70563575525806
10,3,7,13.07759219959864
6,3,7,23.489232386961113
17,4,7,13.50484617437393
0,4,5,13.261047213062076
16,5,4,12.403121553503327
3,5,3,16.954776119402986
21,7,12,14.069178000912945
14,7,9,13.313910206212649
12,7,7,12.500517724383247
17,6,4,13.280872071464852
8,7,3,13.76493115318413
0,4,2,17.656281701131483
22,2,11,13.644397133381698
17,5,11,15.19549397241437
9,1,11,16.498321184007168
18,5,9,15.842383661429256
0,3,9,15.296343544551883
9,6,7,14.634811836352362
4,1,7,13.712146047342523
19,1,8,14.79184356796673
16,7,4,12.191285513088289
14,4,4,12.289832081308154
13,6,3,11.76365655873466
2,1,11,12.132043242231482
14,3,12,13.629070881226134
16,5,1,12.198519222770306
7,4,9,20.32946946946936
19,1,9,14.805540323300969
10,2,9,15.47882579668266
1,2,9,16.881547676553154
2,2,8,21.40544780927834
11,2,8,13.389503082029547
4,3,8,15.71442231075698
9,7,8,17.732999033816384
10,4,5,12.26681065966684
14,4,5,12.070781858407187
12,5,5,12.263291185922848
22,1,4,14.873225320271336
23,3,3,13.05626814988289
4,2,2,17.06301204819277
6,6,11,22.173541815582517
14,6,12,14.629206144729746
22,1,12,14.51516855370058
23,7,5,12.563447940947999
1,1,5,13.081169990084891
9,5,2,11.669168059565484
12,6,10,13.660692608649754
2,5,10,14.006726318045414
20,4,12,12.9178364905285
1,3,7,17.281286637433777
4,4,7,17.651776905829614
0,6,1,15.6192985893417
16,5,3,12.23733333333343
20,3,2,11.294255066732555
0,6,10,13.708892575144395
12,1,10,13.267965242881234
23,4,12,14.129358839768425
6,3,2,18.831205035971234
13,1,9,13.445911198385607
15,5,7,13.058830488751092
13,6,7,13.048301994070702
12,2,4,12.549017232767369
15,5,2,12.461670898319554
15,1,2,11.743785296362253
13,3,9,13.141750126222181
19,6,7,13.909559366589614
19,7,7,13.582126023674267
19,2,8,13.271247724640196
16,1,4,12.227901605783408
23,5,3,12.840699317446994
22,3,2,12.89836764400081
20,5,2,11.524960253082453
7,1,2,15.239571328179935
4,1,1,14.466216666666663
16,7,11,14.294024189646917
11,7,6,12.309102895971526
12,2,8,13.307018525311882
6,2,4,22.093675675675662
10,2,3,11.896358977279338
5,2,1,19.230445544554446
21,4,1,11.521611822059686
