hour,day_of_week,month,avg_tip_percentage
21,5,6,22.025713001070855
13,5,7,18.540138709212187
15,1,7,19.36205759267766
22,7,5,20.75196155606946
18,5,5,20.02504447050328
13,2,2,18.43878613555696
13,5,2,17.961983304271094
6,7,2,13.11455633991063
3,1,10,22.12953351738882
14,6,11,19.140531519337333
20,4,9,22.716848838723582
19,4,7,21.355360636222997
20,6,8,21.301094011866965
16,5,5,18.66380891889364
17,4,4,18.529267547237136
3,2,3,12.003787015580473
1,5,3,17.04268886909539
5,4,2,10.602238398515784
22,5,2,20.904178413830714
9,2,10,19.40023387261651
10,3,10,20.565021594627193
20,3,12,22.418884977651526
4,1,9,22.135251187394328
5,2,9,16.805714693962067
20,3,5,22.236990498192977
13,5,4,18.519132396487823
3,1,4,21.066768338206312
19,2,2,21.326595379980034
3,3,1,12.803169202504357
13,6,10,18.75490201381519
13,1,11,19.906495561511992
22,1,11,20.91392029793108
5,3,12,16.842918780106405
11,6,6,19.593141460608898
1,2,6,18.922898012934716
7,2,6,15.441822897911539
21,5,7,22.095997719381756
6,6,5,13.845474472070181
22,3,4,21.089443319641
9,2,2,19.238302056718
4,3,2,10.842193872847297
13,7,2,19.976380305217095
0,1,1,18.513214917032794
9,7,10,18.118540447973103
0,1,12,21.218760636976512
19,5,9,21.266508733691413
7,3,8,15.945777022399648
10,4,4,19.588500845149717
13,5,1,18.20987120820856
6,3,3,13.755884503768726
12,4,3,18.058551460457547
23,7,1,21.389493649823596
11,2,11,19.730969609645214
14,1,11,19.9845009787622
8,4,9,18.637451932120264
4,6,9,20.29446252047601
7,3,9,15.526863521874168
17,3,9,19.14539318753238
2,2,6,17.877990337394557
6,3,8,13.592259551847294
13,2,4,17.755094709863236
22,7,3,20.987625781125402
4,3,10,18.116794767429464
10,3,11,20.049407929591872
21,7,11,20.569456732709934
5,6,12,18.579807359146567
2,1,7,20.6426983399382
5,2,8,15.418819738602041
12,6,5,18.707612326510546
9,2,1,19.70731096523042
1,5,10,21.89818839678724
12,1,11,20.463146996420225
14,6,9,18.4340923309445
17,7,6,19.172016753047263
10,5,7,20.500980326428955
17,7,7,18.41556108314309
16,1,8,19.18610124033581
5,4,8,16.837951581617915
11,3,5,19.376949291883836
2,4,5,17.974955812823584
19,4,5,21.25675885692074
19,2,3,21.52877185041241
20,6,3,21.91649793068403
8,1,3,15.33010339940739
7,7,1,14.454025225359903
12,2,1,25.662721072064127
1,5,1,13.653024482412198
1,6,12,21.105298716143007
5,2,12,15.762469992376417
22,2,2,18.96057548803985
19,1,7,18.99997810622224
8,3,7,18.665207323960807
3,1,8,21.412777996246447
3,3,8,17.391203506521673
16,6,5,18.6306138788017
4,4,3,12.712723690761
0,2,2,18.520717132790434
17,3,1,20.139224454338034
3,3,10,17.50171645320772
13,4,11,19.13250661915259
6,3,9,14.933077638762224
7,1,6,17.097363591930936
10,4,7,20.367331434743384
6,5,8,19.24463990592609
14,1,3,20.513908659214
15,2,2,18.663327231179156
20,3,1,21.88278714179178
5,7,10,21.72756430122769
23,5,12,21.773914207985662
17,2,6,19.23111211607886
11,2,3,18.10917538454206
9,3,3,19.823118395793976
12,6,3,18.47351360416857
8,1,2,16.3406708494542
9,4,11,20.862242777905934
8,1,11,18.276499734133974
20,5,9,21.91435655585707
8,3,6,18.427444933462255
20,5,6,21.648357347159333
0,5,7,21.286348810482444
20,4,7,22.62552707840915
3,2,8,18.627906061678907
10,2,5,19.795215956983387
20,4,4,22.378507553636137
4,1,2,19.54476060194018
3,6,1,17.106585323298802
7,6,11,18.694674775509384
8,5,5,18.138649256510273
10,1,10,18.869452715114104
19,4,12,22.17676077724032
0,7,12,21.56542107324049
8,7,8,17.06814671535019
7,2,3,17.508399285259706
8,6,3,18.84775699621639
6,7,3,13.33637390436008
1,7,10,21.394199133370737
0,6,11,21.940425618970636
20,7,6,19.443932119208192
11,2,7,95.90566496443611
1,3,2,13.55180313560372
12,3,5,18.5535698929079
12,5,1,17.91344616757741
3,4,3,15.541800824421085
19,4,3,26.093300459465073
23,2,2,17.73552041506618
17,6,1,20.312555237655438
18,2,11,21.79152633993837
23,4,6,22.082433698356684
0,5,6,21.509986008825365
8,6,6,17.99881084749334
21,6,7,21.40414978914016
6,1,8,20.595579967728973
7,2,8,16.870442754745817
7,7,5,13.932728966257418
0,2,5,19.86246146167673
19,3,5,21.314578607291
15,4,5,18.85284621379534
4,2,3,11.341770747783974
7,3,3,17.341422902677202
18,1,3,19.66606532437253
0,1,2,20.758718554891875
18,6,1,22.013999648165594
19,3,1,22.11191509056646
22,7,12,21.13671696794289
9,6,6,19.853339176058356
10,1,6,17.781723911528427
22,5,7,21.520041622202587
17,3,7,18.73043906785523
16,4,4,18.28628285424609
22,4,4,21.82120020869298
15,4,3,18.09861528752135
17,6,3,20.40225217056117
7,7,3,16.676677265209808
8,6,10,18.67869040955179
16,7,1,19.457446611817947
10,7,6,19.004143910700794
6,4,8,14.80483790849952
6,7,4,13.393428868068572
2,3,3,14.819710270514948
9,1,3,16.145026070215025
15,7,12,19.43791442021423
20,6,6,21.190089860652034
16,1,7,19.001840995597366
3,4,7,17.857798002714585
23,3,5,21.763842742822856
1,3,4,17.8003535041859
7,5,3,17.36240709850184
9,6,3,19.871199314955685
0,1,3,21.27127565714371
10,1,3,18.43962878937992
8,3,2,18.89376405883118
5,5,2,14.654530904301506
7,3,6,16.129133683404113
20,2,8,21.612625731107325
10,7,8,17.618213388349258
9,7,5,17.420419972705186
23,1,5,20.3934824116284
17,2,5,18.77170304825834
1,4,5,19.555931411375813
21,2,3,20.7753163629989
0,4,3,18.605241628987095
23,4,3,21.35764715400766
16,4,12,18.997541449328015
5,5,9,106.27980226484156
13,7,9,19.69214155719218
13,6,1,18.38317359808785
1,2,8,18.02440876200483
23,4,8,22.050762982807342
4,7,5,20.994354726551794
7,7,12,16.80629030829367
12,5,6,18.68879862193713
20,6,7,21.456813535747006
5,3,8,14.040159443158647
15,5,4,18.356035596289665
7,3,4,13.352492529705051
10,4,3,19.211370183214378
6,4,1,14.04555508083663
3,6,10,21.184862991250636
16,1,10,19.76910644364313
4,1,10,22.417082967552318
18,4,10,20.51368011806345
9,6,11,20.42460034917803
20,3,9,93.48893267210907
1,3,6,19.42457167754853
13,5,6,18.827557326679386
1,6,8,20.632009973008152
3,7,8,21.870641615130925
1,7,3,19.4734021596405
3,7,10,22.095777590799482
11,1,11,19.788172243531147
10,6,12,19.7605231705934
9,5,6,19.89150784387584
14,6,6,18.90742052169809
1,7,7,20.47518651450976
21,7,3,20.851691625685767
8,5,2,19.146169384527294
21,1,2,19.65939924900076
14,4,1,18.16491249578368
21,4,10,23.044387594617955
15,2,11,19.08010642924839
0,7,1,18.183706829810795
4,3,6,16.342214734536622
21,1,8,20.027241459993903
20,2,4,21.83288738610701
5,7,3,15.120208691786454
16,6,2,17.995871257419786
17,7,10,19.576897172753657
6,6,9,16.346393022445568
13,1,7,20.010198587197745
5,7,5,19.904718734771098
20,1,5,20.273986240231654
1,3,5,18.833599142335398
7,4,3,19.104322845585337
11,6,3,18.621939183201043
20,1,3,19.76036347766762
14,3,2,17.93788517159132
20,2,11,22.475342584331674
12,4,11,19.1210720542229
17,2,12,20.746983132199837
7,5,9,17.083108066988032
17,7,9,18.891672600136953
2,2,9,19.462103759990587
18,7,6,19.012389686930472
15,6,3,18.369056143008375
18,4,1,21.443733310427177
6,7,10,19.164780185972226
3,5,1,39.83569619977421
6,4,11,18.6581265335242
18,4,12,21.379512374860763
8,4,6,18.936036926455195
16,7,6,19.31033538803949
23,5,7,21.67542990477925
11,6,5,19.451106655935277
1,2,4,17.1510810549243
2,2,2,13.744093828719741
15,5,11,24.74707537571345
3,5,7,19.50483225024846
5,4,7,15.455342625768436
20,6,4,21.844745999413572
9,6,4,19.34080840298506
6,3,4,12.069375898429948
18,7,3,19.950445419860063
15,1,3,19.483504148741478
19,1,1,19.610843148601436
16,5,7,18.65710840572314
9,1,7,15.880253985835752
13,4,5,18.974224633376476
11,5,4,37.64521026946564
9,7,1,17.425515487690813
0,2,11,19.572539207575122
8,2,11,19.86693459009471
13,6,11,19.18569038990768
9,1,6,50.09821192453069
12,5,7,18.99128458179995
19,2,7,20.60450925026778
20,2,7,21.50921378907012
2,3,7,17.97871253371284
9,4,7,19.77471772167408
18,4,7,20.238731545567013
1,4,11,21.045246907613073
18,6,11,21.256073507733987
13,5,11,28.073899204127517
6,5,9,15.521834401329789
22,7,6,20.681537180384677
11,3,7,19.511924027228297
13,5,5,18.821659448117536
18,5,4,20.234476384084186
5,6,3,14.33789208692204
16,3,1,18.579103687511584
20,5,1,21.99845730441607
9,5,7,19.821173860892987
5,2,5,14.93527903003436
2,7,4,20.56804936685166
3,4,4,15.384375628579754
16,2,2,18.36468020145503
13,1,1,20.606965074179534
14,5,11,18.874039142085632
5,6,11,17.92226754992947
21,2,4,21.78246784454135
18,2,3,20.840107345764213
18,5,2,20.87632371646012
8,6,1,18.79439975605159
16,1,1,20.26567683273459
4,2,1,12.083361348092232
15,4,12,19.018290308399973
17,7,1,19.58674697749893
3,3,9,17.315416900033732
1,5,6,20.572115788952438
16,6,6,19.711940175055528
9,3,7,19.796446549993313
10,6,8,19.741537693652123
17,6,5,18.748616387017695
20,6,5,21.822507782148826
3,6,5,19.838934697242188
12,5,12,19.155324337376683
20,1,9,19.441859296805966
18,5,6,20.23521698217636
13,6,6,18.569581773964536
5,2,6,17.12678010614899
11,1,8,18.98622165660558
12,5,4,18.88090433147308
22,2,4,20.720967490948215
22,5,3,21.771154146068664
6,6,10,18.060310197493607
17,6,10,18.993078134833944
4,7,12,21.69116921489342
10,2,12,27.973171466823644
6,5,6,14.942472828053049
6,6,6,15.050673799750635
20,5,7,21.746678044949906
17,5,7,19.029150416564363
0,5,5,21.849640697872193
18,7,4,19.099738448121492
6,7,1,12.683835255529553
18,3,1,21.047053970114142
20,4,10,22.522186765736052
10,3,12,19.799961724260783
5,5,8,17.471267991146064
22,6,4,20.88499881981625
21,4,2,20.93991994580714
8,4,10,19.231158821686602
21,7,1,20.3183833949553
17,6,12,20.425286822339892
23,6,12,21.074810527669875
1,6,1,15.984655042528765
0,6,7,21.558420886075634
8,1,8,16.844132546658418
20,7,8,19.50358946494045
23,4,1,21.444002299492674
9,4,9,19.88510893751998
5,6,9,19.910229684166733
13,2,7,18.62809376701986
12,1,8,18.79211740168546
12,4,8,18.889430390845273
7,1,5,15.78238509156958
3,6,4,17.154842238063825
5,6,1,14.138551467685472
14,1,10,20.29796118592305
23,5,6,21.657911092774164
16,6,8,18.43677934402018
4,4,5,16.38044930634909
13,1,4,20.129251404877916
18,2,4,19.761281246602646
19,5,2,21.791093731488257
6,3,12,17.63237125784414
6,7,12,18.286141658416206
16,1,9,19.02094506482727
12,4,6,19.03085999957482
7,4,6,17.05604646872913
21,2,6,22.11473866097592
3,7,7,21.375857679257717
21,5,5,23.34196474472395
3,3,3,13.497936088565297
11,4,2,17.965586909180146
13,1,10,19.962414483111875
6,4,12,17.267887845099413
12,3,9,19.052493621412594
4,6,6,21.239311549940815
3,1,7,21.35334115895606
23,1,7,20.012371910134195
14,2,5,18.407159901785633
22,5,4,21.513606820019017
21,1,4,19.75091701198609
9,4,10,20.28825994828767
20,5,12,21.831149249581795
2,5,7,19.78487548590822
13,7,7,19.107323686503555
2,6,2,13.72290862913427
3,1,1,19.52702316077122
19,2,10,21.733828290350782
21,2,10,22.485390533345427
23,5,10,21.91450796871578
22,6,11,21.18650047871813
5,5,1,14.767266933866042
16,3,9,18.739959303388908
17,4,6,18.897431653528063
3,6,6,21.170925271383673
15,7,7,18.86164793814949
11,4,8,19.598065399752766
21,4,5,22.924984515126415
6,5,3,15.22209694910431
9,6,10,20.045452227525697
16,6,10,19.51558518010003
23,4,10,22.428693626335793
3,4,9,19.57557197810719
14,3,7,18.761077373825447
1,3,8,19.251576427420407
8,4,8,135.7080196369311
16,4,8,18.610977796682697
17,4,5,18.770449622530887
4,3,4,13.770082052914862
6,4,4,10.474402357046133
18,2,1,21.070313260628026
16,4,1,18.528325636245558
8,1,10,16.01430995494086
7,6,12,19.0215525901365
20,7,9,19.576432637799726
7,1,9,16.473291626114964
21,1,6,19.54658373599766
15,2,7,18.531870354699976
23,3,10,22.331554648816496
4,3,11,16.003011632872088
2,1,12,30.53308697976912
3,1,9,21.21254807409574
18,3,9,20.285392297317667
22,5,6,26.561474707466964
9,3,8,19.54326599332378
8,6,8,17.71879515217507
4,1,4,19.00487786230542
17,2,4,18.2370904648064
11,2,2,30.8822067063693
11,7,2,19.53080697181994
15,1,1,20.244367054188892
17,1,10,19.575318138155094
5,7,11,19.89525238495823
6,1,11,136.54984507942513
21,3,9,22.414978705917054
14,3,6,18.760333801464903
1,5,7,20.609263156056453
5,6,4,12.59274527032703
18,2,2,20.994484256094342
18,5,10,20.10563047183504
20,3,11,22.633279974272252
15,6,6,18.816247582153412
13,7,8,19.422368648266062
16,4,5,18.7260658215444
21,7,4,20.208383435875007
13,5,3,18.321790202783998
14,1,1,28.09196270465969
20,4,1,22.608158348196945
4,7,10,22.04714676581896
9,3,11,20.612723494369238
20,4,11,22.75510540074144
21,1,5,19.97851934174322
0,7,3,21.60726240101073
4,3,1,12.717120668602952
21,3,10,23.372462154569188
22,3,10,22.576902320842542
10,1,12,19.676181572864586
22,3,12,21.851830035656423
22,3,9,21.796304202843483
21,4,6,22.31281754017451
18,6,6,20.196441650112664
0,1,8,20.58684345527477
4,5,5,16.832824655233974
6,6,4,14.680814582755149
0,4,4,20.80843562757732
17,7,3,19.77767503909835
11,7,10,20.991558009706644
18,1,10,19.770130626463263
22,4,9,25.62903153452219
15,3,9,18.593703914774252
16,2,6,18.826881472265548
4,4,8,17.19084491593765
4,5,8,18.52657139782024
9,5,8,19.79370244566019
11,2,5,19.33188829250467
14,6,5,18.669780940124042
19,2,4,20.997372014527656
16,3,3,18.136475477810365
11,4,3,18.43342238925932
15,6,2,17.27244449664498
11,6,1,18.34380985092561
12,7,10,20.44769563509333
19,4,10,21.542290871600724
8,5,1,19.334430800975014
16,4,11,19.41848916526753
22,5,11,21.89834520706015
3,7,11,22.209966279555484
9,7,11,19.16594097905638
2,3,12,18.993038480124536
0,2,1,15.304647006864226
17,6,9,18.36233795844444
23,3,9,22.1816007053894
1,6,6,21.160283418732327
9,6,8,18.800871316651534
18,6,2,21.624195579764542
1,1,1,19.410065196814017
5,4,12,16.494787648710055
17,6,11,20.441981816698053
8,6,9,17.889420335787634
20,4,6,22.18915637356182
10,3,8,20.128710235799712
0,3,5,20.676345694376767
13,1,3,20.365670406055916
8,7,2,15.930600204886748
19,1,2,20.0163161540042
10,7,10,19.903691613724256
16,1,5,19.56767541968746
18,1,5,21.16929918608805
17,3,5,18.656385344543484
19,1,4,19.583337918578515
23,2,3,19.098728211910313
16,7,3,19.359505241749925
23,7,3,21.517181333357733
9,6,1,19.960276452165882
12,3,11,19.081195459016975
6,2,12,16.603024737452966
14,2,12,19.09550979045133
5,3,7,13.856168863933831
1,4,8,20.23535338537313
14,2,2,18.481265987692343
9,6,2,19.81199779514139
10,2,1,19.074783702274324
0,3,10,21.275839510520104
15,4,10,22.90747940666469
6,4,10,15.048410469164306
13,2,11,18.93210460767699
3,7,12,22.228799562680475
15,1,12,19.288084737105283
10,4,6,20.381450611709845
11,5,7,19.525750962909896
16,2,7,18.252172258095353
8,4,7,18.769289782691462
7,4,8,16.76518796026291
6,7,5,14.961878331133649
7,6,1,17.97174391430242
11,4,1,18.271086967329698
23,1,10,20.89605402432558
12,5,10,19.1313609737812
10,7,9,19.545097939035013
5,1,6,20.223427963672055
0,3,7,20.498351753246684
22,1,5,20.291527389616302
4,6,4,17.02389548821055
16,6,3,18.685201624159294
14,4,10,19.42751419952008
5,2,11,17.706557620439575
1,3,11,19.11592026358478
13,7,11,35.789437806758336
14,4,12,19.07289428952359
1,2,7,18.482375074992024
23,3,4,21.577940143699777
13,4,4,17.96441452205769
0,2,10,20.27737917774047
19,3,10,21.7520761346673
23,2,11,21.626291429005505
0,1,11,21.383045016757034
9,5,12,20.617522596176208
19,3,12,22.21624743329872
14,2,6,27.81343176624214
19,5,7,20.886558945398928
7,2,7,14.939732542707558
16,7,8,19.01431083308422
15,5,5,18.25476114930197
10,6,2,19.018216445965056
21,6,2,21.050274178384488
5,3,1,14.058023371386495
15,7,11,19.625243297948344
6,2,9,15.785782492540891
22,7,7,19.923025112053423
8,1,7,28.12231439860453
15,7,8,19.352426493208842
23,7,8,20.277749329291776
12,1,3,20.070780460541307
22,6,2,20.88181652808674
0,7,10,21.522860604374742
4,5,10,18.795131765263555
14,2,11,18.976560511548858
20,5,11,21.697817956986384
14,1,9,19.537258753713033
11,4,7,19.446016463565527
3,3,4,15.191374536994532
19,3,4,20.864061384107632
6,4,3,13.768772209717726
3,4,1,14.551854587201385
7,5,10,16.577883143452453
4,7,11,21.343598032943618
18,1,12,19.297910099018726
17,4,9,19.17580157730682
14,7,6,19.76872863861018
6,6,7,16.648810106354286
10,7,7,17.865917006770253
8,3,8,17.991066718728735
22,4,8,21.52554534519979
17,6,8,18.629949296576733
9,5,3,19.753345524188212
8,2,2,18.063946358486177
0,7,2,19.3637508699873
11,2,1,18.207380694733757
23,3,1,19.896616709645933
0,4,10,22.11096409373865
11,5,10,20.040625069402815
12,6,11,19.2774822650029
20,7,11,20.15492215029387
16,7,12,19.460618683044004
20,1,12,19.597586262579544
3,2,12,16.106339565742946
12,7,8,18.787232476669402
9,4,5,19.893437367250325
10,2,4,19.675409115345822
6,6,3,15.15261406131123
19,7,10,19.67356611883649
5,2,10,16.902549145799917
4,2,11,135.53849289097192
11,6,11,19.401510693874634
4,1,11,21.007512356472176
19,5,12,21.815983205974568
2,3,8,18.167719047418622
20,4,8,22.073911224670578
11,4,5,19.4033140000085
14,5,5,18.486596767145986
2,1,4,20.154955725056116
7,1,11,17.819154177898454
3,6,9,21.39350933812846
9,7,6,18.42228701826421
4,6,5,17.070004841996923
19,5,4,21.100303442892066
7,1,4,12.853370125130715
18,3,2,21.392106670713204
4,4,1,11.45614409638351
23,6,10,23.876932121493816
12,2,10,19.182518887389126
23,6,11,21.67328079615884
12,7,12,20.21065558528245
23,3,12,21.414271746591737
10,6,9,19.519302736283752
9,3,9,19.793982446380863
22,4,6,21.755910389364725
23,1,6,20.490537237903933
7,6,8,16.30158341965201
19,1,5,20.01184715483705
18,1,4,19.8851052209355
4,2,4,11.448053801286338
6,1,2,12.963815647797839
16,5,12,19.38441619094507
20,6,9,21.054261808479424
23,6,9,20.486242097625194
14,5,6,19.047161483976332
21,1,7,19.28177755301403
0,4,7,21.239557140688074
3,6,3,14.161795781383711
21,6,3,21.03757551123283
9,4,12,20.880607119753357
19,1,12,19.54607167308152
16,7,9,19.007915734595212
22,3,6,21.878416538918252
12,6,7,18.40689326186189
11,5,5,19.44401956403616
7,6,3,17.502128515879022
6,4,2,13.133431675403427
22,1,2,19.614159724056943
13,2,10,18.585995866542174
8,1,6,16.008953624740872
10,1,7,17.77203756237696
23,2,5,21.1078745025458
10,1,4,17.85204377009843
1,3,3,15.727497249101562
8,5,3,19.556583757137222
21,5,3,21.403402018008318
12,6,1,18.477460094781854
1,3,10,20.487224297995333
8,5,12,20.529117176554795
13,6,8,18.501418348812336
5,7,4,21.948510416615775
1,4,4,18.495422411589697
13,4,12,19.189174837927773
19,7,9,19.149070815916573
16,3,6,18.83310315979125
12,7,6,19.83834138806718
20,4,2,22.023397924298152
8,3,1,19.177803888088267
7,4,10,16.73666806394871
14,3,11,18.805264963038674
13,4,9,18.910549757701567
12,2,9,18.624409822099484
22,2,9,21.37449120588556
10,2,6,20.23239553379916
18,1,8,25.888798627213152
12,3,3,17.747888001958778
9,3,2,19.63413753709015
12,7,1,37.353890225702855
23,1,1,17.775027273169812
7,3,1,17.391618108942335
19,4,11,22.305787054724945
9,1,9,16.78249167877303
17,6,6,18.714028443127333
20,7,7,19.58394587593017
4,3,7,15.800454800119487
23,4,7,21.8193262914928
15,1,8,19.448370446520723
0,7,4,21.14291863274371
11,1,3,19.103756146906505
10,7,2,19.038385966747622
19,6,1,21.4654710922333
15,1,11,23.847715211751364
8,6,7,18.906615564441054
16,7,7,19.022738655221907
22,5,1,20.524586704770975
16,3,8,18.51969623619813
8,7,5,17.094801867021786
3,4,5,19.932806677455606
14,4,11,19.20598080185728
7,1,12,16.604984658013258
4,7,7,22.023674263058894
7,4,7,17.640351240495942
15,6,8,18.30989238320752
23,6,8,20.42616766544365
22,7,4,20.538478897561845
17,1,3,20.030163065341803
16,4,2,18.315236985509415
5,1,2,15.730650852833044
12,4,12,19.288045278314286
21,4,12,21.668602226099257
9,7,12,254.54951574189343
17,5,6,18.752362638971032
15,7,5,19.723749261181208
13,5,10,19.064608457540697
2,4,11,19.995027427104866
1,7,9,27.906723393931905
14,2,9,18.717299386645966
19,7,6,19.503631081858835
6,5,7,15.560671947462065
23,7,7,19.969323805035504
8,1,1,15.670685116431308
2,2,5,17.897951330738458
0,6,5,21.405885267022942
5,1,4,17.272022226435546
18,5,3,35.500826314887945
20,5,3,22.196881949972045
4,5,2,11.452101689300894
17,6,2,19.087383206905074
23,6,2,22.02259378096897
3,7,2,17.706252506093236
15,6,1,23.694998233337373
2,1,10,21.92812340736466
1,6,11,21.5567064751308
14,3,1,18.235634340051313
21,5,9,22.12285879427258
9,7,9,17.4275917552143
18,3,6,20.42537265989461
17,1,6,19.534771252776693
1,1,8,20.67926387206744
14,3,3,17.593493510950136
14,6,2,17.40101906022495
15,7,2,19.91060724334675
10,4,1,19.28978552653939
23,7,10,20.775544548249222
19,3,11,25.576199542134287
15,6,11,19.008822891841998
10,7,11,19.884362584012433
13,6,12,19.532862373234693
20,1,8,19.57941303127784
10,5,1,19.33275894406033
7,2,5,15.512032462048358
12,3,4,18.063946038914995
20,3,10,22.678373316159572
12,5,11,19.314017219442217
18,1,11,19.715998612199673
9,3,12,20.653230127865104
10,1,9,19.177398368582026
19,3,9,21.470318880005877
15,2,6,18.782172938488
8,5,7,109.58203379442692
11,6,8,25.37897161808548
22,4,5,21.549830605651323
16,6,4,37.984682303632255
23,7,4,21.017482982124626
12,3,2,17.547482267121413
20,7,1,19.841753011696905
7,6,10,16.898971584087736
21,7,10,21.991823529209157
14,2,10,18.691351676458
18,3,10,20.594407430584642
4,6,12,20.78611128820616
0,2,12,19.33444694309586
1,3,12,19.411008957921435
5,3,6,19.321706510067145
11,7,7,18.736089282717494
0,2,7,19.333891250991517
14,7,8,19.405797373409865
11,3,4,18.93145901569494
0,5,4,21.264571730074383
20,6,2,21.849319902914875
12,2,11,65.11746238974247
0,3,11,21.12773963823695
19,6,11,21.579003082286413
20,6,11,21.80803647765802
4,5,11,18.911648847162887
18,7,9,18.82510243558139
22,1,6,20.2139641188848
0,6,8,21.20813759941462
5,4,5,21.01496830825586
22,6,5,21.245262754353543
13,5,12,19.18183585228136
1,5,9,21.43999164932398
2,5,9,20.842340130089198
6,7,9,20.81037544285324
17,1,9,19.474651861567754
21,2,9,21.52209264799614
8,7,7,15.75530357481122
10,4,8,20.33857625968697
23,4,5,21.864022166904864
0,3,3,17.389517283326462
8,4,3,18.99701536153972
20,2,2,21.644050953953965
5,6,2,14.17050338008887
19,6,2,21.590469278416673
3,4,11,20.650016203840725
6,1,12,16.47476039124764
11,7,9,18.952509193528112
23,1,9,20.300597194662906
4,3,9,16.93582650396907
14,4,6,18.516125968972084
12,1,5,19.58623092864959
3,1,5,21.416603397913914
11,1,4,18.99762082673962
1,1,3,20.60234961752799
22,4,12,23.881448269512187
10,7,12,34.433462147026646
4,2,9,18.742670881084617
0,2,6,19.950985717356
19,2,6,21.202278613283003
15,3,8,21.480674013679533
18,4,5,20.162667924520765
15,6,4,19.165424099281147
7,7,4,13.09066767178936
18,4,2,20.988284377715367
16,6,1,18.545266757981725
21,6,1,20.492287566941922
18,2,10,20.594234341021266
11,3,9,19.52551625453308
14,1,7,19.326170308128205
2,5,5,19.011736048072674
18,3,3,20.44090067630792
10,7,3,19.183382166018262
7,5,12,19.538687619162342
8,2,12,19.868165281163904
18,3,12,21.150833696197015
8,1,9,16.90877319495525
16,1,6,19.364242599630945
18,7,7,18.61083048785567
8,2,4,16.73410789190797
15,7,3,19.24303009077964
1,6,2,15.263970962425812
15,3,2,17.921804264485118
8,6,2,18.828136390962584
19,7,2,20.11663080491568
19,1,10,20.07499669287136
20,7,12,19.966575585255647
1,6,9,20.69437537868953
0,7,7,20.519525203665857
6,1,7,20.6744221849855
11,7,5,19.39348572889805
19,6,5,20.97848821228994
14,5,4,18.742731733116806
8,6,4,17.729876378804903
19,6,4,21.10493503616555
17,1,4,20.23080225548846
23,1,4,19.975846515965106
4,4,4,13.028222647463716
6,6,2,14.43468103627182
18,1,1,19.986491796547078
3,1,12,40.962847620394456
9,6,9,19.237790132044363
0,2,9,19.87438881581947
9,4,6,20.16224383998865
18,4,6,20.355904192088012
7,6,6,16.404512534667568
23,5,8,25.050855542184312
5,5,3,10.15625550318468
17,1,1,20.352214332722617
15,2,10,18.938641432134094
11,7,11,20.099203832982248
15,6,12,19.463025638062174
21,6,12,20.793978936268317
13,2,1,17.871468299911463
14,3,9,18.805945842972672
6,6,8,16.488863824374814
17,2,3,19.48790626948298
2,7,1,16.94408368212566
16,2,10,18.939946380950804
3,5,11,20.164935962304543
22,4,11,22.24875511729805
4,6,11,21.707367794267707
17,5,12,20.308445734153253
11,5,9,19.77023216155359
19,3,6,21.30686096950175
15,6,7,30.04270029899738
22,2,8,20.661645637866307
10,5,8,20.249900395143392
21,3,5,22.40061717857767
23,4,11,21.928201183402766
10,1,11,20.333600421083375
11,1,1,19.406378565554643
4,3,12,181.29856523926253
9,7,2,17.857571862874423
2,4,8,19.31134334959129
19,4,2,22.355067810994388
2,2,1,13.094501249450666
5,5,11,18.476739320592348
3,6,12,22.02221429698367
19,6,9,25.855772275109867
11,1,7,18.771071514136707
8,2,8,17.62284897930823
15,1,5,20.079783200561497
20,4,5,22.4534374229942
8,4,5,18.17780458722836
9,7,4,17.40922617183095
2,2,4,16.433130416352505
19,4,4,21.427002592023552
2,4,3,15.364383633155601
14,6,3,18.20368278927985
23,1,2,19.414070214203456
18,7,1,20.444241173239426
15,6,10,18.937740689725484
6,3,11,18.416987676684137
2,6,6,20.856988434821172
21,7,6,19.712791444981786
4,6,8,18.901347136120297
12,2,5,18.41416239820787
14,2,4,17.74512449555634
4,4,2,7.184993938776626
15,4,2,17.529993920752954
16,3,11,19.31905691586328
1,2,12,18.414834660272223
8,7,9,16.019025377693644
3,5,6,19.1573454960949
3,7,6,21.675216836325816
4,2,5,16.247702612410226
15,2,3,17.817972620862896
5,4,3,12.648595444932257
1,2,2,15.194569101523687
6,2,10,15.288705956508329
3,2,2,12.661303225217642
1,1,12,26.809461475963854
4,4,6,15.520893914041947
2,7,5,21.809398290099484
14,4,3,17.814599451530626
17,2,2,20.060539732990215
4,7,2,15.569410774622238
1,1,2,20.224158495087874
8,7,1,15.798535578529185
9,1,10,16.991378533008472
8,3,10,19.20802471872225
9,5,10,20.37197872731902
8,6,12,19.977326646468352
8,7,6,16.538086125566807
13,3,4,17.830402116283544
5,1,3,22.09956938435568
1,6,10,21.549023583823626
5,3,10,15.500897481264252
15,3,1,26.43321165485796
11,1,12,27.05489288001571
11,3,8,19.285385869254892
3,2,1,10.724293902154052
5,4,1,26.953872712071348
16,2,11,19.211690316307525
19,1,11,20.192817571859845
18,2,9,20.011889534586
17,3,6,18.813992693588755
5,4,6,16.589863446753043
7,5,7,15.99945646514072
17,1,8,19.061915071927377
4,3,5,15.425737431212848
13,7,4,20.17270643447619
6,2,2,12.499523233943473
3,5,2,13.871723207402075
16,2,1,18.945191775561177
1,2,11,18.742345257938968
8,3,11,20.558913197814544
15,5,6,19.07331711786755
23,6,6,28.694092979843553
13,1,8,19.400020090184032
9,6,5,38.026928755627594
2,6,4,18.831915610014878
15,5,3,18.509132752694715
14,5,2,18.030847740599445
6,5,10,15.821383544703272
7,3,11,19.15723762081955
2,7,11,22.356674919245695
15,7,9,19.260021073351528
20,3,6,22.100666367196883
16,4,7,18.869975716781354
0,4,1,15.000257439363407
11,5,1,18.949057358730347
14,2,8,18.169344027605014
14,7,5,20.326304365113423
3,3,5,14.579782645056637
16,3,5,18.771225339753922
13,6,5,18.433350123135433
4,3,3,11.584625155461955
23,6,3,22.356438322779823
11,5,2,18.63363531578248
9,1,1,16.636418317290392
7,2,1,16.74008370068347
2,4,1,12.56457497776125
20,6,12,21.506093440192984
19,7,12,20.07402095849035
16,2,9,18.888802859693687
16,5,8,23.397084318008623
4,7,8,38.448860541605455
6,5,4,13.86515505018702
1,2,3,16.32960742881389
2,2,3,13.902420944942975
3,3,2,9.16571607896744
1,5,2,14.75488220333552
20,6,10,21.775963199082007
16,5,10,18.700626580304313
19,5,6,20.780704008600893
7,6,7,17.063218453844666
14,7,7,18.841147567165184
19,5,1,22.075011984416452
5,3,5,11.971744234602967
9,2,3,19.514078768433485
2,5,3,14.87246159062287
14,5,1,17.552304983068353
15,3,11,19.084702186872594
3,5,12,19.744321713464274
8,5,6,18.478609600619464
10,6,6,20.324520550901394
18,2,6,20.693087737571137
21,4,7,22.45117682904968
3,4,8,19.398599430601788
3,6,8,22.440627794665733
3,7,4,20.94729223871185
13,2,3,17.69402955806612
0,5,3,18.403377765913525
0,6,2,17.91970432454219
19,7,1,20.335285816418732
16,5,9,18.78700708324391
12,4,10,19.362897612233134
2,2,12,17.487974017944257
7,5,1,17.26357382657135
22,6,9,20.580867299025954
6,1,9,18.56549088494774
5,7,7,21.08295509067462
7,3,7,15.089028836235395
6,5,1,14.54463504885298
9,1,5,15.96754024925564
14,3,4,17.82129379182157
7,2,2,16.572860886721323
10,5,10,20.483576561750354
21,5,12,21.2990122431892
18,3,7,20.373640756469488
22,1,8,20.228621538883115
10,1,1,19.615423378319626
20,7,10,35.55824796754998
7,1,10,16.444229541799086
20,5,10,21.820761985554178
15,2,1,18.332011234531162
21,4,9,22.812994008117702
15,3,6,18.75925373189611
4,1,6,20.833697499480213
13,4,7,19.02074129460127
19,4,8,21.322750767109426
1,2,5,18.38926686272817
20,1,10,20.0813190224379
14,7,12,19.572472408436962
1,1,11,24.201428019746437
15,7,1,19.64835533358793
13,2,6,18.622450799163293
22,4,7,21.93475956649984
15,6,5,18.722828881728482
14,2,3,17.818411650200627
5,3,3,11.290775442345272
2,4,10,21.236255739781832
2,3,11,19.737954930188227
2,5,12,20.692292474809094
15,1,6,23.248433302529556
14,6,7,18.50050886495098
14,4,7,18.62615988051389
7,1,8,17.361262662838502
9,3,5,19.42925756088583
6,2,3,13.459577454716571
18,6,3,25.054133896287716
0,5,1,15.103839292510495
5,5,10,18.956820806296587
11,7,12,20.418385568919224
11,4,9,28.49594944202551
0,7,8,20.799102920220175
0,3,2,16.59722396472279
14,1,5,20.432616885104842
5,5,5,13.041525381857443
10,4,2,18.884719311529533
20,7,2,20.479379690823325
2,1,2,19.570471799055998
1,1,10,21.272665969995668
23,3,8,26.12356651245963
14,4,9,18.833289535143276
12,3,6,18.77114388132464
15,7,6,21.853144036157254
6,2,7,14.841566279409305
1,7,8,20.712680172490018
19,6,3,21.565030236848166
13,4,10,19.086252342767462
8,7,12,18.183592506435627
13,1,12,19.791531617559066
15,3,12,18.908992819547596
15,2,9,18.616636688201687
1,1,6,20.74418017522693
9,2,6,19.69381062247202
14,4,8,18.68314639848869
21,7,8,24.237219486694446
5,2,2,13.414185399348053
17,4,2,19.683237196367198
11,1,2,19.460486892828055
4,6,1,29.265832823564573
23,2,7,20.92442962805274
14,1,8,19.388482567945697
9,2,8,18.875145827543463
20,1,4,19.795509079811232
21,4,3,21.45634122304703
16,7,2,19.524497861396608
6,6,1,14.766520311403637
11,4,11,19.480305786547202
3,1,11,23.675167911137045
10,6,7,19.764036270181435
15,5,1,18.019119296544577
12,4,5,19.06740542634497
14,6,1,18.47183846966592
14,7,10,19.762572823427618
16,4,10,18.980955343030278
7,4,11,19.261578566621516
18,3,8,20.066448497757555
14,5,7,18.555282885350397
17,3,8,19.215359563378982
7,5,4,14.855051827092105
1,1,4,32.9623770371755
12,2,2,18.265229252701594
17,7,2,19.946510726059657
13,3,1,17.805896773736198
15,3,10,19.15026887714196
8,5,10,19.14015494780863
10,5,11,20.232034682792236
15,2,12,18.919910532447346
5,1,9,21.624722901892415
10,2,7,19.67695460861921
10,7,5,18.846100886173822
0,1,7,20.275390484272126
6,2,8,14.332121621273519
5,6,8,22.08168903361193
18,7,8,20.805233218399817
23,6,4,21.09536610260914
4,5,4,15.425718757415424
11,4,4,19.017691683719892
3,1,3,18.89909913492135
20,1,2,19.16029047930458
9,3,10,20.375852268432983
9,1,12,19.16416558156636
7,6,9,17.343217503748964
23,7,9,20.109706983021752
3,6,7,20.532369399890033
4,2,7,17.620173791115086
18,6,8,19.944605764428523
6,7,8,20.0435295032927
9,1,4,17.213970578415612
22,4,2,20.888871660887855
10,6,10,20.210551111594757
14,7,11,26.418455205141445
22,1,3,19.783366827738845
17,4,12,20.531117832760067
23,3,7,21.812564021467864
8,5,4,17.763070576388024
14,1,4,20.3454130539135
20,2,10,22.473548242594077
22,6,12,28.247707146546645
1,4,9,20.54324740938247
9,2,7,33.86624127812778
9,7,7,17.208273088162485
18,1,7,18.7845793576314
4,2,8,15.62790856628058
6,5,5,15.257364305301085
8,2,3,18.614331675775617
23,3,2,18.72492692111994
10,4,10,20.602135722996927
17,3,11,20.588987992287493
0,4,11,21.48248123218457
16,5,6,18.599545373858604
16,2,5,18.805082343909525
17,4,3,19.722271620773395
15,1,9,19.404511157722432
9,2,9,18.842341737482336
21,1,9,19.75896923744672
1,3,9,21.742432533510236
0,4,6,22.482530122098492
20,5,8,21.909837001367134
19,7,8,19.22351925105561
9,5,4,19.209405297943327
14,4,2,17.58441412508564
16,1,2,20.125511687550226
12,3,10,19.477365241191723
2,3,10,23.10568727815397
0,5,9,21.77588456392121
18,4,9,20.70843936809393
7,6,4,15.320537394718635
2,3,4,15.712691131240415
13,3,3,17.626182006749055
20,4,3,22.370650013087626
4,7,3,18.235418288974127
12,1,1,19.7825992759304
11,6,10,19.789996321884338
18,6,10,20.404795063909614
8,7,10,17.49590749256967
21,3,12,28.71972320088607
6,4,9,13.445445675937831
23,3,6,21.919539931144215
11,5,6,52.417266960146634
5,5,6,16.784831850596866
17,2,7,18.638283120047767
17,5,8,22.533072477900095
3,5,5,18.124112231825134
8,6,5,18.467718982022912
13,6,4,18.1587295632346
8,4,4,17.25749513914899
8,1,12,17.186418794488084
12,2,12,18.929203383515166
15,6,9,18.35060092738733
7,7,9,16.720134410945228
3,3,6,17.808293492806282
22,2,7,21.261082538615927
20,3,7,22.48705537431471
22,3,7,21.7756576964185
2,7,8,21.038475891507638
3,5,4,16.442558842130328
9,7,3,18.23032565130108
9,3,1,20.252887450590467
1,4,10,21.891490961182132
22,7,11,21.127928029945544
6,5,12,108.85542571776789
11,3,12,19.27973419429572
4,2,6,16.284941929862633
4,5,7,18.912114816058683
14,3,8,18.179150473563194
2,3,5,19.9106018978363
7,7,10,16.482199337128293
6,3,10,14.467490139426179
2,5,1,14.67540075932278
12,7,11,19.72800712851962
0,5,12,21.281909138099184
4,4,12,22.333163050613198
14,5,12,19.05444802688938
12,4,9,19.24887400607615
3,5,9,22.10332146490557
19,2,9,20.69300908223203
5,5,7,17.135212165139034
2,6,7,20.65214766540099
19,6,8,20.800692162478178
13,1,5,20.10356991264772
13,3,5,18.616604780402625
7,6,5,15.302249988545329
16,4,3,18.563580038353187
4,5,3,10.855555347392354
12,4,1,18.407792417381252
14,5,10,18.879644123194872
1,4,1,13.836812787546668
22,2,1,48.60571923769124
10,5,9,19.937952186549722
22,1,9,20.470415554973485
12,2,7,19.239881555530605
10,1,8,17.26930643353594
0,4,8,20.913016309141103
14,6,4,18.330016646380514
20,3,3,21.74162456212355
22,4,3,21.455804613255395
19,1,3,19.660537947809626
13,3,2,18.110119774053835
2,6,10,21.662996206759505
15,7,10,19.5486137607393
15,1,10,19.93052725180554
21,5,11,21.964798401470265
19,6,12,21.33158258321458
18,7,12,19.62472401544754
16,4,6,23.211203332726058
12,6,6,19.344713602254505
7,7,7,15.740342033077635
4,7,4,21.78500749584765
16,2,3,18.089080515495645
8,3,3,18.838989059007183
19,5,3,25.992730066310944
14,7,3,19.795927104843763
7,1,3,15.871956416630805
1,7,2,18.719420077211172
11,7,1,19.393863610298713
2,1,1,19.61988436594622
19,5,10,21.24674644807709
21,4,8,22.109608159102912
15,4,8,18.571413572213892
0,6,4,20.889646815569385
7,4,2,18.15793399861154
19,4,1,22.19500450682457
10,6,11,19.982334232589498
3,2,6,16.88689612486056
21,7,5,20.264413537587124
20,5,5,21.5757361524984
23,6,5,21.36724488437589
5,4,4,11.006895382946492
12,5,3,18.101742511019392
17,5,3,20.432141692262025
4,6,2,15.784423150398277
7,7,2,15.7017026907012
14,7,2,19.766746318999537
10,2,11,19.77961495932073
16,6,11,18.99666070278776
10,4,12,20.788053189950254
15,5,12,18.962106987026996
6,6,12,17.76328568511199
6,1,6,101.4010782996769
23,1,8,20.057365950007842
21,6,8,21.311067242062492
13,7,5,20.113325744936073
8,3,4,17.495059811125508
16,3,4,17.834385723597734
2,4,4,16.906538021596916
14,5,3,42.23571751914281
10,7,1,18.78041893689854
17,4,10,19.299758888692395
2,5,11,96.82398481224135
17,5,1,20.00033504415383
16,6,7,18.46802386799631
20,1,7,19.3100289888112
16,2,8,18.390248615874476
17,7,8,18.58073456980761
10,5,4,20.107717160718984
5,2,3,10.776175148326764
19,3,2,22.16452187463125
21,3,2,21.317271485831586
10,3,1,20.175951488842326
1,5,12,21.100997822440124
4,1,12,21.45431223034317
18,1,9,19.24421075136811
17,2,9,19.033914929837657
21,1,3,19.92661294776984
7,3,10,16.70336081122383
11,6,12,19.395170481652364
2,6,12,38.63482346803369
11,6,9,19.09823214723876
0,6,9,22.012759884078662
6,4,6,13.689249022228935
22,6,6,21.036065917086344
18,1,6,19.046609692535068
18,2,8,20.25031002239219
9,2,4,18.464448468811344
5,3,4,13.254873631237723
10,5,3,19.219312830858055
22,7,2,20.95548960961798
19,2,1,21.346049404468378
0,5,10,22.190336269710553
6,2,11,17.108593264223185
21,3,6,33.82726703587452
8,2,6,17.426394020742634
10,2,8,25.188837126847506
4,6,3,12.231428670100724
4,2,10,16.83784385126823
8,6,11,20.053559465829153
18,7,11,19.78787620979815
22,5,9,21.472746243957115
16,3,7,18.541169679265195
7,7,8,17.09948325299995
16,7,5,19.437709925766836
17,3,3,19.64684725595067
23,2,10,21.71406047756662
9,2,11,20.23785776287187
17,7,11,19.253967575914455
22,5,12,21.903198230331324
12,7,9,19.522240208488565
8,7,4,16.858275838396313
14,7,4,19.829176633479328
23,4,2,37.053337157886425
18,6,9,19.660624616453084
21,7,9,57.48428505354487
6,3,6,15.7222146130564
3,2,5,17.026699972750485
10,3,5,20.120948076535228
19,7,4,21.02270320213849
11,2,4,18.829348063428586
18,4,3,21.057204936939538
3,1,2,204.94735830028975
18,7,10,24.204016249131485
11,3,10,111.51390665387571
21,4,11,22.219074143651742
16,6,12,19.219374785651585
8,3,12,21.08472080461588
12,4,7,18.85518639764058
19,5,8,20.53723419698977
17,5,5,18.477294722067118
17,7,4,19.249810611766
18,4,4,20.1295964697645
20,2,3,21.736708945111946
3,7,3,19.45840220066375
12,7,3,19.897619615276216
19,7,3,19.744406873801378
17,5,2,19.488145768491314
1,2,10,19.254339923351942
22,2,10,22.438216832902217
13,7,12,19.955171464270617
23,7,6,20.50165491306824
23,2,6,21.697622929161895
19,3,7,21.273430068004956
22,5,8,21.3053870570588
8,1,5,15.157616802889812
5,6,5,14.17534996805973
10,3,3,18.980013931379666
5,7,2,11.218607893603423
10,5,12,20.366310235941654
22,2,12,21.603512791746738
13,3,12,19.057347016203753
20,3,8,21.863724562922506
18,6,5,65.06114309920157
21,6,4,23.32431737866131
10,6,3,18.966746236000184
10,2,10,19.93466073089795
16,3,10,19.11995871815796
18,3,11,21.74402156188284
18,5,11,22.584637934926544
18,6,12,21.21587224348851
16,1,12,19.396308031710472
8,2,9,17.550744028356657
10,5,6,20.69665647784567
19,1,6,19.27726145070287
19,3,8,20.9696324370527
5,5,4,16.42243883368914
23,2,4,21.104274054126737
10,3,4,19.901687076579066
18,5,1,21.337597060246438
7,1,1,17.17312000251739
11,1,10,19.634569956397954
6,5,11,17.250045703921153
19,7,11,39.02892687816864
19,2,12,22.093792549913367
21,2,8,21.700430731847547
7,5,8,16.280526879653703
6,2,5,14.287557486145722
1,4,3,16.60558928718333
18,7,2,20.138128551774958
0,1,10,21.252223851166313
17,2,10,19.693609260865628
20,2,12,22.286103858900503
2,4,9,19.866939451386532
0,6,6,21.955377241103978
1,6,7,21.358497599643883
21,3,8,22.576196111553514
6,3,5,10.71606878390306
21,6,5,21.742977684669082
21,5,4,22.37460453115376
11,6,4,19.067767067151486
2,7,3,19.572744186928414
4,1,3,19.91117596883417
12,6,2,18.155680676711324
1,3,1,13.463956447277573
16,7,10,19.42271645451536
23,7,11,21.706839888621396
2,3,6,18.586072151169006
13,3,6,18.657219448965627
2,1,5,21.04003430551271
10,5,5,20.137850491914598
12,7,4,38.81227740742125
8,1,4,14.73096230051578
8,4,12,20.701773317172538
5,7,9,21.51028210829509
23,5,1,19.20838116245995
19,6,6,21.11056502448647
13,7,6,19.71468540844353
4,7,6,23.289425929219174
6,7,7,18.631775622071224
15,4,7,18.681836393442467
2,6,5,19.765166117018495
3,2,4,13.597502359477533
16,2,4,18.067431033320474
9,4,4,19.11175445089472
17,2,1,19.65544511035269
5,1,10,22.093958641505413
8,2,10,18.046411153512885
18,5,12,20.992600176348557
21,6,6,21.96892462582701
2,7,7,21.07243551811253
5,1,5,21.577005607869683
6,1,5,18.395535559839566
10,7,4,18.17530150927753
2,5,2,12.910352028369017
6,3,1,14.585359504076694
6,1,10,60.86575889206081
6,1,1,10.686499359165927
2,6,1,17.249793615376365
6,4,7,15.840100365739591
17,7,5,19.44274738043288
21,3,4,21.975063216767143
15,3,3,17.653873610004908
6,1,3,15.181825453743317
12,4,2,17.518663172774097
2,2,11,18.29511367241702
3,2,11,28.47803526796237
0,4,12,20.74127330570255
1,4,7,19.763890174431044
4,1,8,21.265817809061893
9,4,8,19.588350652856455
12,6,4,18.38507823702727
2,6,3,15.806015251931992
11,3,2,18.218836692545185
0,3,1,15.835875243382551
18,4,11,21.80896741266679
8,4,11,20.759925632176707
8,7,11,372.795010142623
2,4,12,19.97178239926729
14,5,9,25.985238754616272
4,7,9,21.566577834949804
23,2,9,21.58810758424602
0,4,9,21.44243731818159
11,7,8,18.92623751531413
23,5,5,21.922264792683762
13,4,2,17.822154442404543
20,6,1,21.769438343962225
23,5,9,21.863370349093586
12,5,9,18.939291321633167
16,6,9,18.521726866668363
1,6,5,20.2633006712783
11,7,4,18.83612881354507
10,6,1,19.404784895578576
6,2,1,13.772165144277144
7,2,10,17.17030249812515
13,6,9,18.612496538707216
21,2,7,21.362915452430677
18,3,5,20.21454269739868
23,4,4,21.751167663863093
17,4,1,20.023132401212294
13,3,10,19.130276735246504
22,7,1,20.923583034123872
17,1,11,19.947023057072943
10,3,6,20.398755836190926
2,7,6,21.281508647131844
2,2,7,17.645441504723106
8,3,5,18.050341396856062
0,3,4,19.940068974504918
13,7,10,20.101411413499843
22,6,10,20.984421631738222
5,1,11,19.599042577007154
17,1,12,19.387154977350423
7,2,12,18.309872553701844
22,1,7,19.511798324692396
2,1,8,21.54354273901209
11,1,5,19.36373301224388
15,2,4,24.407242267757358
9,3,4,18.895538413669794
18,3,4,19.661125726066583
22,2,3,20.435319282289754
17,5,9,71.61225947621723
13,3,11,18.713681642958882
14,1,6,19.61741331752289
22,3,11,22.388259635826703
4,2,12,15.402663297203558
4,5,9,19.435987763319602
8,5,9,18.35695052760239
3,3,7,18.431037102171384
12,3,8,18.724764942122327
18,4,8,20.318734346659998
3,5,8,19.71821283066019
21,2,5,21.78349677700548
4,5,1,18.777663446872012
22,3,3,21.280367844457757
16,1,3,19.562431101431347
12,7,2,20.188613108025194
3,7,1,20.52891930258172
20,2,1,21.00246595661948
19,6,10,21.39434145694228
2,2,10,19.06490638488846
11,4,10,20.0517236805281
11,4,12,19.38033504838109
13,2,12,18.83657681158568
2,4,6,20.833907786037507
22,6,7,20.66675244050773
6,1,4,16.305010131208547
17,1,7,18.698718941100104
12,6,8,18.590285637988472
19,7,5,19.71343903127284
7,4,5,14.86975410566731
1,5,5,20.223074988828802
22,5,5,21.437284645658202
23,5,4,21.93930903205758
1,7,4,21.001411087596814
18,6,4,20.05897072452614
18,1,2,20.83106464609923
23,6,1,20.187141262316768
11,5,12,19.3518224245939
4,5,6,18.662037945497303
17,4,8,19.277717781236156
12,1,4,19.847968018131088
11,3,3,18.12283075622105
11,5,3,18.276529948689664
10,5,2,18.973089608944278
22,7,10,22.085869748967582
17,5,10,18.791779919506272
9,2,12,20.183153157228066
3,7,9,21.340451777517334
15,2,8,18.591838496343183
18,5,8,19.972225275375564
7,2,4,12.745419049515379
5,3,2,10.17242763042573
8,4,2,19.010919894200114
14,6,10,19.0562125960557
3,4,6,18.26113295648086
15,4,6,18.634177979740606
21,3,7,22.6630916027762
10,6,4,20.206811431667308
23,1,3,18.583262595693707
2,3,1,11.611761016714363
19,4,9,21.976355933159915
8,5,8,18.746397667441766
20,5,4,22.217541646459797
6,5,2,14.895955546237461
23,2,1,17.580831346589697
22,4,1,20.87128753022129
19,2,11,22.578339217907445
12,2,3,28.667617060904433
14,2,1,18.07995625354369
23,4,9,22.361480510571628
12,1,9,19.757875625371085
2,5,6,20.664735381090555
0,1,6,20.74407738962255
12,2,6,18.82178687768691
2,5,8,20.283602865804216
18,7,5,19.69455407067255
10,1,5,17.86997292404309
2,7,2,19.070557960018185
21,2,1,19.735242308903057
4,6,10,20.599256558299324
5,6,10,19.403336721920354
1,5,11,20.991604650828748
15,5,9,18.86405707438656
8,3,9,18.614682526100044
11,4,6,19.667475853807698
3,7,5,20.729400172843892
0,1,4,21.26753974446007
1,2,1,15.534744667336152
8,2,1,19.498337090348137
5,1,12,71.58602792146358
16,3,12,19.030503863914774
5,6,6,20.794819895106887
7,7,6,17.145177194602613
2,1,6,20.840241702900933
1,5,4,18.85440868231023
3,4,2,10.832206203906937
21,6,10,21.871580569486248
21,2,12,21.986303628873525
17,3,12,20.508833294684678
21,7,7,19.269936675879404
23,2,8,20.65207471962921
17,3,4,18.60362007203567
12,4,4,18.591019862263543
21,5,2,21.520878091380748
5,7,1,10.978159313512998
4,4,11,16.45808425010575
2,6,11,22.011669207873382
9,5,9,19.76869396734201
2,1,9,20.790910517354327
22,6,8,20.586661745358775
4,1,5,19.639589168708707
0,2,4,19.143826086653934
5,2,4,14.752569750114231
2,7,10,21.52671588236603
15,5,10,18.852406043077078
14,1,2,20.449000834418644
17,2,8,18.447229861579753
5,1,8,22.268447469840655
2,6,8,20.877743801623122
0,1,5,21.06923024599369
22,2,5,21.421213350492522
2,3,2,13.310220708433656
23,5,2,20.338474122650442
21,3,1,20.510364061484207
12,6,12,19.328909210950748
7,2,9,17.945433327590575
14,2,7,18.814928219244457
15,4,4,18.10794763098886
11,6,2,18.04059919731686
9,4,1,19.917083983684925
23,1,12,20.025272621374693
16,4,9,19.065541090322355
3,2,9,20.748132642160424
5,2,7,16.44684323817228
0,3,8,19.929113727209305
9,2,5,19.018653418341046
20,1,1,19.299653790827787
21,6,11,21.458000675491174
16,1,11,19.81159052329972
20,1,11,20.02944001511886
12,3,12,18.83476889072822
19,4,6,21.182699169564152
15,2,5,18.316849957929804
15,3,7,18.829151678940214
13,3,7,18.457623034825858
9,1,2,16.551408155743736
13,1,2,20.600614521647014
14,1,12,19.694416593461785
2,6,9,20.97078584288978
1,1,9,20.734315547517944
7,3,5,15.748540128633572
9,5,5,19.877536637280837
15,7,4,19.626829629178882
0,2,3,17.27341452628497
16,5,2,18.369098594694588
8,5,11,20.615886972917814
9,6,12,73.28661507927193
11,2,12,19.041682942351507
5,3,9,17.303242781231603
0,3,6,21.01863243925762
12,1,7,18.69937691523488
1,5,8,20.451991593520084
8,2,5,17.247623725107314
7,5,5,15.951195038110454
20,7,3,20.16874271784429
1,7,11,21.80449143946707
3,6,11,20.8905403322723
21,1,11,21.08057997191047
1,4,12,20.47509899567284
5,7,12,18.47555682942735
6,2,6,14.16798405207805
21,5,1,21.466251225233957
14,6,8,18.75215827282199
1,7,5,21.39931812305605
15,3,5,18.200310010259336
14,3,5,18.446243820005833
16,3,2,18.830138951843608
7,4,1,18.00189730442443
22,4,10,22.154520320308897
22,5,10,27.377270838988927
23,3,11,22.1847204073261
21,1,12,23.70030233206592
9,5,1,20.32405231248009
12,5,2,17.837682381038995
10,1,2,18.80077206808433
11,3,1,18.38838091855898
21,1,10,20.18106540370839
5,3,11,243.68623947851995
13,7,1,19.76326850098464
13,3,8,26.276077608651974
21,3,3,21.591506136190873
21,1,1,19.51469045804109
15,4,11,19.203354526840254
7,3,12,18.666747107420484
0,1,9,20.56749723619651
9,3,6,20.10297302793726
0,7,6,20.889419207581625
13,1,6,19.907548336442538
1,1,7,20.06336397280257
17,1,5,19.319881136915544
2,5,4,17.174000791299733
1,6,4,21.711966993470938
7,3,2,17.339072216798517
1,4,2,13.63542971118239
11,2,10,19.5394208135302
7,2,11,19.10376613106655
0,5,11,21.634998485033556
5,1,1,15.328143698762338
21,2,2,19.647149865861458
11,2,9,19.36502505948782
13,2,9,18.39738668241338
3,1,6,21.59300018872895
12,3,7,18.886785999854983
22,6,1,20.719334233129093
3,4,10,20.206517501400956
3,5,10,20.231003601437074
23,1,11,20.35806339691371
3,3,12,17.679246629085807
15,4,9,18.88120345543215
11,3,6,19.718002085411563
7,5,6,16.657213389460043
12,1,6,19.569139229302106
18,2,5,20.44696692801671
19,3,3,21.93065220641995
13,6,2,17.9731417866772
23,7,2,21.217684885353975
12,3,1,17.877695685617315
4,4,10,19.850276014784267
3,3,11,17.202854537140983
7,7,11,17.088507657456148
7,4,12,19.087722174915527
16,2,12,19.21543752218957
0,7,9,20.887014950781346
13,4,8,18.73445153051779
12,7,5,23.611359152434748
13,2,5,18.552783588648776
7,4,4,13.418340600206786
10,3,2,18.84877496244901
7,6,2,18.696520754926055
10,4,11,20.1806601800961
23,7,12,21.28611072127094
20,2,9,21.51359601556369
20,2,5,21.883953732923338
21,4,4,22.653089712835172
13,4,3,17.95399711170329
21,5,10,22.56785561032147
2,7,12,22.538944905708448
10,3,9,19.93992398814836
6,7,6,21.543099528249336
5,6,7,19.80216849868913
3,2,7,18.442362972514633
21,5,8,25.757398198985943
22,7,8,20.40679015834622
11,7,3,19.357256202621432
2,1,3,20.513608948252354
3,6,2,15.951781473354563
15,4,1,18.211075951330763
11,3,11,20.18434918522547
17,4,11,20.966384197069573
7,5,11,19.207851465126915
5,5,12,22.270337723094887
17,7,12,19.155449908594058
1,4,6,19.987332419410663
11,2,6,19.71290096500279
23,6,7,20.713127266731465
19,2,5,21.372286711676797
1,6,3,16.459373461033433
17,3,2,20.0275094149519
5,4,10,16.721013766598226
21,3,11,22.562212124877128
0,6,12,23.046923842658735
12,1,12,22.602767130591026
23,2,12,21.800951299937466
11,1,9,18.980271482534963
22,2,6,21.6178730662239
0,2,8,19.60138112841178
10,6,5,19.91351848723436
17,5,4,18.780224385808342
2,4,2,11.851180514787528
3,2,10,17.187566090019786
1,7,12,21.806240395165755
18,2,12,21.423729012042052
12,6,9,18.895144346165036
11,6,7,19.59314712144554
17,6,7,18.308265450244853
13,5,8,18.81379130814108
0,7,5,21.60975360049585
22,3,5,21.818108375465147
20,7,4,19.890351740259884
15,1,4,20.206183246814778
15,3,4,53.19678365159267
21,2,11,22.31937018661565
5,4,11,16.837527917576683
11,5,11,19.861062889781905
23,5,11,26.953409910210603
10,4,9,20.05823856350481
8,2,7,17.456977749647976
15,5,8,18.57222035721693
19,5,5,20.798969548944285
10,2,2,18.99686146642146
21,7,2,20.76892733323532
8,4,1,20.702807340854893
14,7,1,21.17550334267066
5,4,9,17.052132637412353
2,3,9,18.04283272072362
1,7,6,21.051345614802
2,4,7,18.82894465136891
11,5,8,19.44065244382904
20,3,4,21.91539254409301
22,6,3,20.774762751797976
0,5,2,17.23092464671031
12,1,2,20.438589741945446
0,7,11,21.64522767219978
1,7,1,17.035299379943122
22,3,8,21.588555930111536
2,7,9,20.73350155046773
5,7,6,21.243289811214204
11,1,6,19.090071115541495
20,1,6,19.83735139790094
4,6,7,20.258285628646497
18,2,7,19.675178886968865
0,5,8,21.39480667465418
9,4,3,19.804139226579334
9,4,2,31.03219970908879
17,1,2,21.8562340992643
13,4,1,18.093694690744805
14,3,10,18.93080833220867
6,7,11,16.012164385707276
3,4,12,19.201302154342823
0,3,12,20.080513494557096
13,5,9,24.786963675621788
21,6,9,21.452186654131452
18,5,7,19.93227514485004
13,2,8,18.03181631522288
14,5,8,20.681739653058944
5,7,8,21.999466385530297
6,4,5,12.579619313012351
4,7,1,15.841270283890806
22,1,1,18.914725749126145
22,3,1,20.428483743370972
19,5,11,21.651075642283185
9,5,11,28.165589104940683
16,5,11,18.718351151014623
4,4,9,19.041546337666794
13,4,6,18.84587783582368
20,2,6,22.343738427112335
5,1,7,21.05908530675699
9,1,8,15.729691843275978
12,5,8,37.786454995604906
20,7,5,19.977196078957366
0,6,3,20.03812865980401
13,7,3,20.175945982814017
7,5,2,17.373266471244495
22,1,10,20.794636991800274
17,3,10,19.20814445718982
17,2,11,21.06710565293542
4,5,12,19.7879944993056
22,7,9,19.88216941715121
18,6,7,19.586673002968706
7,1,7,16.136429264017323
10,3,7,20.25775132876667
6,3,7,14.714307668689749
17,4,7,18.619083697035887
0,4,5,20.93803474731646
16,5,4,18.49964665967805
3,5,3,14.41748388193649
21,7,12,20.663680269137082
14,7,9,19.125093347757755
12,7,7,19.118668888068882
17,6,4,18.574876077777756
8,7,3,16.49463951096065
0,4,2,15.594240419578947
22,2,11,22.354005981188955
17,5,11,20.349687464119654
9,1,11,19.327272895570154
18,5,9,22.447296833778175
0,3,9,21.015212883215916
9,6,7,19.539208302408323
4,1,7,21.228100042235745
19,1,8,19.26810060710443
16,7,4,19.24060178403067
14,4,4,18.0856525909697
13,6,3,24.033429408658
2,1,11,21.823631624906664
14,3,12,19.23904788090836
16,5,1,18.51922075868346
7,4,9,15.881293944800179
19,1,9,19.55862338141357
10,2,9,19.529356261083265
1,2,9,20.476663579349065
2,2,8,17.55512562970523
11,2,8,19.072927494795753
4,3,8,16.41127340754869
9,7,8,133.19739702732662
10,4,5,20.29582323880646
14,4,5,18.81173484962561
12,5,5,18.937256124885224
22,1,4,19.397511805643372
23,3,3,20.52368246947146
4,2,2,14.845828923385039
6,6,11,18.534465476728734
14,6,12,19.165627163870152
22,1,12,20.762582847291814
23,7,5,20.871193473510466
1,1,5,21.0522687803383
9,5,2,19.558393238570563
12,6,10,19.28791582314721
2,5,10,21.613715552955515
20,4,12,22.206556364057242
1,3,7,18.612239969400992
4,4,7,19.562865895914126
0,6,1,16.4856437582486
16,5,3,18.70130829541995
20,3,2,22.05965037034766
0,6,10,22.011764223865637
12,1,10,19.796008774795038
23,4,12,21.72444807013083
6,3,2,13.321298721237097
13,1,9,19.587026942003018
15,5,7,18.598378679681694
13,6,7,18.67404684191441
12,2,4,18.104098654853946
15,5,2,18.337774780851397
15,1,2,20.27814337604421
13,3,9,18.94443162518473
19,6,7,20.834722811344438
19,7,7,18.586668902208366
19,2,8,20.902766175032053
16,1,4,19.85338331136148
23,5,3,21.259816281186957
22,3,2,19.408084616281894
20,5,2,22.07468057791891
7,1,2,15.393242353590345
4,1,1,16.915505587861283
16,7,11,21.919013856746037
11,7,6,19.606472845818185
12,2,8,18.16327633572245
6,2,4,13.104817418607649
10,2,3,18.85659286484245
5,2,1,12.945487493201838
21,4,1,21.362725386721905
